auktion_id,auktionstype,auktionsnavn,auktionsdato,saeson,dag_tema,event_id,event_navn,katalogomkostning,max_lots
O00001,online,Onlineauktion uge 2 2021 – Ældre Kunst/Ældre Møbler/Varia,2021-01-11,,Ældre Kunst/Ældre Møbler/Varia,,,,
O00002,online,Onlineauktion uge 2 2021 – Moderne Kunst/Moderne Møbler/Moderne Design,2021-01-12,,Moderne Kunst/Moderne Møbler/Moderne Design,,,,
O00003,online,Onlineauktion uge 2 2021 – Smykker/Fashion/Ure,2021-01-13,,Smykker/Fashion/Ure,,,,
O00004,online,Onlineauktion uge 3 2021 – Ældre Kunst/Ældre Møbler/Varia,2021-01-18,,Ældre Kunst/Ældre Møbler/Varia,,,,
O00005,online,Onlineauktion uge 3 2021 – Moderne Kunst/Moderne Møbler/Moderne Design,2021-01-19,,Moderne Kunst/Moderne Møbler/Moderne Design,,,,
O00006,online,Onlineauktion uge 3 2021 – Smykker/Fashion/Ure,2021-01-20,,Smykker/Fashion/Ure,,,,
O00007,online,Onlineauktion uge 4 2021 – Ældre Kunst/Ældre Møbler/Varia,2021-01-25,,Ældre Kunst/Ældre Møbler/Varia,,,,
O00008,online,Onlineauktion uge 4 2021 – Moderne Kunst/Moderne Møbler/Moderne Design,2021-01-26,,Moderne Kunst/Moderne Møbler/Moderne Design,,,,
O00009,online,Onlineauktion uge 4 2021 – Smykker/Fashion/Ure,2021-01-27,,Smykker/Fashion/Ure,,,,
O00010,online,Onlineauktion uge 5 2021 – Ældre Kunst/Ældre Møbler/Varia,2021-02-01,,Ældre Kunst/Ældre Møbler/Varia,,,,
O00011,online,Onlineauktion uge 5 2021 – Moderne Kunst/Moderne Møbler/Moderne Design,2021-02-02,,Moderne Kunst/Moderne Møbler/Moderne Design,,,,
O00012,online,Onlineauktion uge 5 2021 – Smykker/Fashion/Ure,2021-02-03,,Smykker/Fashion/Ure,,,,
O00013,online,Onlineauktion uge 6 2021 – Ældre Kunst/Ældre Møbler/Varia,2021-02-08,,Ældre Kunst/Ældre Møbler/Varia,,,,
O00014,online,Onlineauktion uge 6 2021 – Moderne Kunst/Moderne Møbler/Moderne Design,2021-02-09,,Moderne Kunst/Moderne Møbler/Moderne Design,,,,
O00015,online,Onlineauktion uge 6 2021 – Smykker/Fashion/Ure,2021-02-10,,Smykker/Fashion/Ure,,,,
O00016,online,Onlineauktion uge 7 2021 – Ældre Kunst/Ældre Møbler/Varia,2021-02-15,,Ældre Kunst/Ældre Møbler/Varia,,,,
O00017,online,Onlineauktion uge 7 2021 – Moderne Kunst/Moderne Møbler/Moderne Design,2021-02-16,,Moderne Kunst/Moderne Møbler/Moderne Design,,,,
O00018,online,Onlineauktion uge 7 2021 – Smykker/Fashion/Ure,2021-02-17,,Smykker/Fashion/Ure,,,,
O00019,online,Onlineauktion uge 8 2021 – Ældre Kunst/Ældre Møbler/Varia,2021-02-22,,Ældre Kunst/Ældre Møbler/Varia,,,,
O00020,online,Onlineauktion uge 8 2021 – Moderne Kunst/Moderne Møbler/Moderne Design,2021-02-23,,Moderne Kunst/Moderne Møbler/Moderne Design,,,,
O00021,online,Onlineauktion uge 8 2021 – Smykker/Fashion/Ure,2021-02-24,,Smykker/Fashion/Ure,,,,
O00022,online,Onlineauktion uge 9 2021 – Ældre Kunst/Ældre Møbler/Varia,2021-03-01,,Ældre Kunst/Ældre Møbler/Varia,,,,
O00023,online,Onlineauktion uge 9 2021 – Moderne Kunst/Moderne Møbler/Moderne Design,2021-03-02,,Moderne Kunst/Moderne Møbler/Moderne Design,,,,
O00024,online,Onlineauktion uge 9 2021 – Smykker/Fashion/Ure,2021-03-03,,Smykker/Fashion/Ure,,,,
L00142,live,Forårsauktion 2021 – Ældre Møbler/Ældre Kunst,2021-03-08,Forår,Ældre Møbler/Ældre Kunst,E20211,Forår 2021,147908,200
O00025,online,Onlineauktion uge 10 2021 – Ældre Kunst/Ældre Møbler/Varia,2021-03-08,,Ældre Kunst/Ældre Møbler/Varia,,,,
L00143,live,Forårsauktion 2021 – Varia/Moderne Design,2021-03-09,Forår,Varia/Moderne Design,E20211,Forår 2021,126575,200
O00026,online,Onlineauktion uge 10 2021 – Moderne Kunst/Moderne Møbler/Moderne Design,2021-03-09,,Moderne Kunst/Moderne Møbler/Moderne Design,,,,
L00144,live,Forårsauktion 2021 – Moderne Møbler/Moderne Kunst,2021-03-10,Forår,Moderne Møbler/Moderne Kunst,E20211,Forår 2021,95287,200
O00027,online,Onlineauktion uge 10 2021 – Smykker/Fashion/Ure,2021-03-10,,Smykker/Fashion/Ure,,,,
L00145,live,Forårsauktion 2021 – Smykker/Fashion/Ure,2021-03-11,Forår,Smykker/Fashion/Ure,E20211,Forår 2021,177774,200
O00028,online,Onlineauktion uge 11 2021 – Ældre Kunst/Ældre Møbler/Varia,2021-03-15,,Ældre Kunst/Ældre Møbler/Varia,,,,
O00029,online,Onlineauktion uge 11 2021 – Moderne Kunst/Moderne Møbler/Moderne Design,2021-03-16,,Moderne Kunst/Moderne Møbler/Moderne Design,,,,
O00030,online,Onlineauktion uge 11 2021 – Smykker/Fashion/Ure,2021-03-17,,Smykker/Fashion/Ure,,,,
O00031,online,Onlineauktion uge 12 2021 – Ældre Kunst/Ældre Møbler/Varia,2021-03-22,,Ældre Kunst/Ældre Møbler/Varia,,,,
O00032,online,Onlineauktion uge 12 2021 – Moderne Kunst/Moderne Møbler/Moderne Design,2021-03-23,,Moderne Kunst/Moderne Møbler/Moderne Design,,,,
O00033,online,Onlineauktion uge 12 2021 – Smykker/Fashion/Ure,2021-03-24,,Smykker/Fashion/Ure,,,,
O00034,online,Onlineauktion uge 13 2021 – Ældre Kunst/Ældre Møbler/Varia,2021-03-29,,Ældre Kunst/Ældre Møbler/Varia,,,,
O00035,online,Onlineauktion uge 13 2021 – Moderne Kunst/Moderne Møbler/Moderne Design,2021-03-30,,Moderne Kunst/Moderne Møbler/Moderne Design,,,,
O00036,online,Onlineauktion uge 13 2021 – Smykker/Fashion/Ure,2021-03-31,,Smykker/Fashion/Ure,,,,
O00037,online,Onlineauktion uge 14 2021 – Ældre Kunst/Ældre Møbler/Varia,2021-04-05,,Ældre Kunst/Ældre Møbler/Varia,,,,
O00038,online,Onlineauktion uge 14 2021 – Moderne Kunst/Moderne Møbler/Moderne Design,2021-04-06,,Moderne Kunst/Moderne Møbler/Moderne Design,,,,
O00039,online,Onlineauktion uge 14 2021 – Smykker/Fashion/Ure,2021-04-07,,Smykker/Fashion/Ure,,,,
O00040,online,Onlineauktion uge 15 2021 – Ældre Kunst/Ældre Møbler/Varia,2021-04-12,,Ældre Kunst/Ældre Møbler/Varia,,,,
O00041,online,Onlineauktion uge 15 2021 – Moderne Kunst/Moderne Møbler/Moderne Design,2021-04-13,,Moderne Kunst/Moderne Møbler/Moderne Design,,,,
O00042,online,Onlineauktion uge 15 2021 – Smykker/Fashion/Ure,2021-04-14,,Smykker/Fashion/Ure,,,,
O00043,online,Onlineauktion uge 16 2021 – Ældre Kunst/Ældre Møbler/Varia,2021-04-19,,Ældre Kunst/Ældre Møbler/Varia,,,,
O00044,online,Onlineauktion uge 16 2021 – Moderne Kunst/Moderne Møbler/Moderne Design,2021-04-20,,Moderne Kunst/Moderne Møbler/Moderne Design,,,,
O00045,online,Onlineauktion uge 16 2021 – Smykker/Fashion/Ure,2021-04-21,,Smykker/Fashion/Ure,,,,
O00046,online,Onlineauktion uge 17 2021 – Ældre Kunst/Ældre Møbler/Varia,2021-04-26,,Ældre Kunst/Ældre Møbler/Varia,,,,
O00047,online,Onlineauktion uge 17 2021 – Moderne Kunst/Moderne Møbler/Moderne Design,2021-04-27,,Moderne Kunst/Moderne Møbler/Moderne Design,,,,
O00048,online,Onlineauktion uge 17 2021 – Smykker/Fashion/Ure,2021-04-28,,Smykker/Fashion/Ure,,,,
O00049,online,Onlineauktion uge 18 2021 – Ældre Kunst/Ældre Møbler/Varia,2021-05-03,,Ældre Kunst/Ældre Møbler/Varia,,,,
O00050,online,Onlineauktion uge 18 2021 – Moderne Kunst/Moderne Møbler/Moderne Design,2021-05-04,,Moderne Kunst/Moderne Møbler/Moderne Design,,,,
O00051,online,Onlineauktion uge 18 2021 – Smykker/Fashion/Ure,2021-05-05,,Smykker/Fashion/Ure,,,,
O00052,online,Onlineauktion uge 19 2021 – Ældre Kunst/Ældre Møbler/Varia,2021-05-10,,Ældre Kunst/Ældre Møbler/Varia,,,,
O00053,online,Onlineauktion uge 19 2021 – Moderne Kunst/Moderne Møbler/Moderne Design,2021-05-11,,Moderne Kunst/Moderne Møbler/Moderne Design,,,,
O00054,online,Onlineauktion uge 19 2021 – Smykker/Fashion/Ure,2021-05-12,,Smykker/Fashion/Ure,,,,
O00055,online,Onlineauktion uge 20 2021 – Ældre Kunst/Ældre Møbler/Varia,2021-05-17,,Ældre Kunst/Ældre Møbler/Varia,,,,
O00056,online,Onlineauktion uge 20 2021 – Moderne Kunst/Moderne Møbler/Moderne Design,2021-05-18,,Moderne Kunst/Moderne Møbler/Moderne Design,,,,
O00057,online,Onlineauktion uge 20 2021 – Smykker/Fashion/Ure,2021-05-19,,Smykker/Fashion/Ure,,,,
O00058,online,Onlineauktion uge 21 2021 – Ældre Kunst/Ældre Møbler/Varia,2021-05-24,,Ældre Kunst/Ældre Møbler/Varia,,,,
O00059,online,Onlineauktion uge 21 2021 – Moderne Kunst/Moderne Møbler/Moderne Design,2021-05-25,,Moderne Kunst/Moderne Møbler/Moderne Design,,,,
O00060,online,Onlineauktion uge 21 2021 – Smykker/Fashion/Ure,2021-05-26,,Smykker/Fashion/Ure,,,,
L00146,live,Sommersauktion 2021 – Ældre Møbler/Ældre Kunst,2021-05-31,Sommer,Ældre Møbler/Ældre Kunst,E20212,Sommer 2021,129287,200
O00061,online,Onlineauktion uge 22 2021 – Ældre Kunst/Ældre Møbler/Varia,2021-05-31,,Ældre Kunst/Ældre Møbler/Varia,,,,
L00147,live,Sommersauktion 2021 – Varia/Moderne Design,2021-06-01,Sommer,Varia/Moderne Design,E20212,Sommer 2021,107937,200
O00062,online,Onlineauktion uge 22 2021 – Moderne Kunst/Moderne Møbler/Moderne Design,2021-06-01,,Moderne Kunst/Moderne Møbler/Moderne Design,,,,
L00148,live,Sommersauktion 2021 – Moderne Møbler/Moderne Kunst,2021-06-02,Sommer,Moderne Møbler/Moderne Kunst,E20212,Sommer 2021,77098,200
O00063,online,Onlineauktion uge 22 2021 – Smykker/Fashion/Ure,2021-06-02,,Smykker/Fashion/Ure,,,,
L00149,live,Sommersauktion 2021 – Smykker/Fashion/Ure,2021-06-03,Sommer,Smykker/Fashion/Ure,E20212,Sommer 2021,201641,200
O00064,online,Onlineauktion uge 23 2021 – Ældre Kunst/Ældre Møbler/Varia,2021-06-07,,Ældre Kunst/Ældre Møbler/Varia,,,,
O00065,online,Onlineauktion uge 23 2021 – Moderne Kunst/Moderne Møbler/Moderne Design,2021-06-08,,Moderne Kunst/Moderne Møbler/Moderne Design,,,,
O00066,online,Onlineauktion uge 23 2021 – Smykker/Fashion/Ure,2021-06-09,,Smykker/Fashion/Ure,,,,
O00067,online,Onlineauktion uge 24 2021 – Ældre Kunst/Ældre Møbler/Varia,2021-06-14,,Ældre Kunst/Ældre Møbler/Varia,,,,
O00068,online,Onlineauktion uge 24 2021 – Moderne Kunst/Moderne Møbler/Moderne Design,2021-06-15,,Moderne Kunst/Moderne Møbler/Moderne Design,,,,
O00069,online,Onlineauktion uge 24 2021 – Smykker/Fashion/Ure,2021-06-16,,Smykker/Fashion/Ure,,,,
O00070,online,Onlineauktion uge 25 2021 – Ældre Kunst/Ældre Møbler/Varia,2021-06-21,,Ældre Kunst/Ældre Møbler/Varia,,,,
O00071,online,Onlineauktion uge 25 2021 – Moderne Kunst/Moderne Møbler/Moderne Design,2021-06-22,,Moderne Kunst/Moderne Møbler/Moderne Design,,,,
O00072,online,Onlineauktion uge 25 2021 – Smykker/Fashion/Ure,2021-06-23,,Smykker/Fashion/Ure,,,,
O00073,online,Onlineauktion uge 26 2021 – Ældre Kunst/Ældre Møbler/Varia,2021-06-28,,Ældre Kunst/Ældre Møbler/Varia,,,,
O00074,online,Onlineauktion uge 26 2021 – Moderne Kunst/Moderne Møbler/Moderne Design,2021-06-29,,Moderne Kunst/Moderne Møbler/Moderne Design,,,,
O00075,online,Onlineauktion uge 26 2021 – Smykker/Fashion/Ure,2021-06-30,,Smykker/Fashion/Ure,,,,
O00076,online,Onlineauktion uge 27 2021 – Ældre Kunst/Ældre Møbler/Varia,2021-07-05,,Ældre Kunst/Ældre Møbler/Varia,,,,
O00077,online,Onlineauktion uge 27 2021 – Moderne Kunst/Moderne Møbler/Moderne Design,2021-07-06,,Moderne Kunst/Moderne Møbler/Moderne Design,,,,
O00078,online,Onlineauktion uge 27 2021 – Smykker/Fashion/Ure,2021-07-07,,Smykker/Fashion/Ure,,,,
O00079,online,Onlineauktion uge 31 2021 – Ældre Kunst/Ældre Møbler/Varia,2021-08-02,,Ældre Kunst/Ældre Møbler/Varia,,,,
O00080,online,Onlineauktion uge 31 2021 – Moderne Kunst/Moderne Møbler/Moderne Design,2021-08-03,,Moderne Kunst/Moderne Møbler/Moderne Design,,,,
O00081,online,Onlineauktion uge 31 2021 – Smykker/Fashion/Ure,2021-08-04,,Smykker/Fashion/Ure,,,,
O00082,online,Onlineauktion uge 32 2021 – Ældre Kunst/Ældre Møbler/Varia,2021-08-09,,Ældre Kunst/Ældre Møbler/Varia,,,,
O00083,online,Onlineauktion uge 32 2021 – Moderne Kunst/Moderne Møbler/Moderne Design,2021-08-10,,Moderne Kunst/Moderne Møbler/Moderne Design,,,,
O00084,online,Onlineauktion uge 32 2021 – Smykker/Fashion/Ure,2021-08-11,,Smykker/Fashion/Ure,,,,
O00085,online,Onlineauktion uge 33 2021 – Ældre Kunst/Ældre Møbler/Varia,2021-08-16,,Ældre Kunst/Ældre Møbler/Varia,,,,
O00086,online,Onlineauktion uge 33 2021 – Moderne Kunst/Moderne Møbler/Moderne Design,2021-08-17,,Moderne Kunst/Moderne Møbler/Moderne Design,,,,
O00087,online,Onlineauktion uge 33 2021 – Smykker/Fashion/Ure,2021-08-18,,Smykker/Fashion/Ure,,,,
O00088,online,Onlineauktion uge 34 2021 – Ældre Kunst/Ældre Møbler/Varia,2021-08-23,,Ældre Kunst/Ældre Møbler/Varia,,,,
O00089,online,Onlineauktion uge 34 2021 – Moderne Kunst/Moderne Møbler/Moderne Design,2021-08-24,,Moderne Kunst/Moderne Møbler/Moderne Design,,,,
O00090,online,Onlineauktion uge 34 2021 – Smykker/Fashion/Ure,2021-08-25,,Smykker/Fashion/Ure,,,,
O00091,online,Onlineauktion uge 35 2021 – Ældre Kunst/Ældre Møbler/Varia,2021-08-30,,Ældre Kunst/Ældre Møbler/Varia,,,,
O00092,online,Onlineauktion uge 35 2021 – Moderne Kunst/Moderne Møbler/Moderne Design,2021-08-31,,Moderne Kunst/Moderne Møbler/Moderne Design,,,,
O00093,online,Onlineauktion uge 35 2021 – Smykker/Fashion/Ure,2021-09-01,,Smykker/Fashion/Ure,,,,
O00094,online,Onlineauktion uge 36 2021 – Ældre Kunst/Ældre Møbler/Varia,2021-09-06,,Ældre Kunst/Ældre Møbler/Varia,,,,
O00095,online,Onlineauktion uge 36 2021 – Moderne Kunst/Moderne Møbler/Moderne Design,2021-09-07,,Moderne Kunst/Moderne Møbler/Moderne Design,,,,
O00096,online,Onlineauktion uge 36 2021 – Smykker/Fashion/Ure,2021-09-08,,Smykker/Fashion/Ure,,,,
L00150,live,Efterårsauktion 2021 – Ældre Møbler/Ældre Kunst,2021-09-13,Efterår,Ældre Møbler/Ældre Kunst,E20213,Efterår 2021,114873,200
O00097,online,Onlineauktion uge 37 2021 – Ældre Kunst/Ældre Møbler/Varia,2021-09-13,,Ældre Kunst/Ældre Møbler/Varia,,,,
L00151,live,Efterårsauktion 2021 – Varia/Moderne Design,2021-09-14,Efterår,Varia/Moderne Design,E20213,Efterår 2021,69807,200
O00098,online,Onlineauktion uge 37 2021 – Moderne Kunst/Moderne Møbler/Moderne Design,2021-09-14,,Moderne Kunst/Moderne Møbler/Moderne Design,,,,
L00152,live,Efterårsauktion 2021 – Moderne Møbler/Moderne Kunst,2021-09-15,Efterår,Moderne Møbler/Moderne Kunst,E20213,Efterår 2021,47716,200
O00099,online,Onlineauktion uge 37 2021 – Smykker/Fashion/Ure,2021-09-15,,Smykker/Fashion/Ure,,,,
L00153,live,Efterårsauktion 2021 – Smykker/Fashion/Ure,2021-09-16,Efterår,Smykker/Fashion/Ure,E20213,Efterår 2021,152869,200
O00100,online,Onlineauktion uge 38 2021 – Ældre Kunst/Ældre Møbler/Varia,2021-09-20,,Ældre Kunst/Ældre Møbler/Varia,,,,
O00101,online,Onlineauktion uge 38 2021 – Moderne Kunst/Moderne Møbler/Moderne Design,2021-09-21,,Moderne Kunst/Moderne Møbler/Moderne Design,,,,
O00102,online,Onlineauktion uge 38 2021 – Smykker/Fashion/Ure,2021-09-22,,Smykker/Fashion/Ure,,,,
O00103,online,Onlineauktion uge 39 2021 – Ældre Kunst/Ældre Møbler/Varia,2021-09-27,,Ældre Kunst/Ældre Møbler/Varia,,,,
O00104,online,Onlineauktion uge 39 2021 – Moderne Kunst/Moderne Møbler/Moderne Design,2021-09-28,,Moderne Kunst/Moderne Møbler/Moderne Design,,,,
O00105,online,Onlineauktion uge 39 2021 – Smykker/Fashion/Ure,2021-09-29,,Smykker/Fashion/Ure,,,,
O00106,online,Onlineauktion uge 40 2021 – Ældre Kunst/Ældre Møbler/Varia,2021-10-04,,Ældre Kunst/Ældre Møbler/Varia,,,,
O00107,online,Onlineauktion uge 40 2021 – Moderne Kunst/Moderne Møbler/Moderne Design,2021-10-05,,Moderne Kunst/Moderne Møbler/Moderne Design,,,,
O00108,online,Onlineauktion uge 40 2021 – Smykker/Fashion/Ure,2021-10-06,,Smykker/Fashion/Ure,,,,
O00109,online,Onlineauktion uge 41 2021 – Ældre Kunst/Ældre Møbler/Varia,2021-10-11,,Ældre Kunst/Ældre Møbler/Varia,,,,
O00110,online,Onlineauktion uge 41 2021 – Moderne Kunst/Moderne Møbler/Moderne Design,2021-10-12,,Moderne Kunst/Moderne Møbler/Moderne Design,,,,
O00111,online,Onlineauktion uge 41 2021 – Smykker/Fashion/Ure,2021-10-13,,Smykker/Fashion/Ure,,,,
O00112,online,Onlineauktion uge 42 2021 – Ældre Kunst/Ældre Møbler/Varia,2021-10-18,,Ældre Kunst/Ældre Møbler/Varia,,,,
O00113,online,Onlineauktion uge 42 2021 – Moderne Kunst/Moderne Møbler/Moderne Design,2021-10-19,,Moderne Kunst/Moderne Møbler/Moderne Design,,,,
O00114,online,Onlineauktion uge 42 2021 – Smykker/Fashion/Ure,2021-10-20,,Smykker/Fashion/Ure,,,,
O00115,online,Onlineauktion uge 43 2021 – Ældre Kunst/Ældre Møbler/Varia,2021-10-25,,Ældre Kunst/Ældre Møbler/Varia,,,,
O00116,online,Onlineauktion uge 43 2021 – Moderne Kunst/Moderne Møbler/Moderne Design,2021-10-26,,Moderne Kunst/Moderne Møbler/Moderne Design,,,,
O00117,online,Onlineauktion uge 43 2021 – Smykker/Fashion/Ure,2021-10-27,,Smykker/Fashion/Ure,,,,
O00118,online,Onlineauktion uge 44 2021 – Ældre Kunst/Ældre Møbler/Varia,2021-11-01,,Ældre Kunst/Ældre Møbler/Varia,,,,
O00119,online,Onlineauktion uge 44 2021 – Moderne Kunst/Moderne Møbler/Moderne Design,2021-11-02,,Moderne Kunst/Moderne Møbler/Moderne Design,,,,
O00120,online,Onlineauktion uge 44 2021 – Smykker/Fashion/Ure,2021-11-03,,Smykker/Fashion/Ure,,,,
O00121,online,Onlineauktion uge 45 2021 – Ældre Kunst/Ældre Møbler/Varia,2021-11-08,,Ældre Kunst/Ældre Møbler/Varia,,,,
O00122,online,Onlineauktion uge 45 2021 – Moderne Kunst/Moderne Møbler/Moderne Design,2021-11-09,,Moderne Kunst/Moderne Møbler/Moderne Design,,,,
O00123,online,Onlineauktion uge 45 2021 – Smykker/Fashion/Ure,2021-11-10,,Smykker/Fashion/Ure,,,,
O00124,online,Onlineauktion uge 46 2021 – Ældre Kunst/Ældre Møbler/Varia,2021-11-15,,Ældre Kunst/Ældre Møbler/Varia,,,,
O00125,online,Onlineauktion uge 46 2021 – Moderne Kunst/Moderne Møbler/Moderne Design,2021-11-16,,Moderne Kunst/Moderne Møbler/Moderne Design,,,,
O00126,online,Onlineauktion uge 46 2021 – Smykker/Fashion/Ure,2021-11-17,,Smykker/Fashion/Ure,,,,
L00154,live,Vintersauktion 2021 – Ældre Møbler/Ældre Kunst,2021-11-22,Vinter,Ældre Møbler/Ældre Kunst,E20214,Vinter 2021,132135,200
O00127,online,Onlineauktion uge 47 2021 – Ældre Kunst/Ældre Møbler/Varia,2021-11-22,,Ældre Kunst/Ældre Møbler/Varia,,,,
L00155,live,Vintersauktion 2021 – Varia/Moderne Design,2021-11-23,Vinter,Varia/Moderne Design,E20214,Vinter 2021,104071,200
O00128,online,Onlineauktion uge 47 2021 – Moderne Kunst/Moderne Møbler/Moderne Design,2021-11-23,,Moderne Kunst/Moderne Møbler/Moderne Design,,,,
L00156,live,Vintersauktion 2021 – Moderne Møbler/Moderne Kunst,2021-11-24,Vinter,Moderne Møbler/Moderne Kunst,E20214,Vinter 2021,85361,200
O00129,online,Onlineauktion uge 47 2021 – Smykker/Fashion/Ure,2021-11-24,,Smykker/Fashion/Ure,,,,
L00157,live,Vintersauktion 2021 – Smykker/Fashion/Ure,2021-11-25,Vinter,Smykker/Fashion/Ure,E20214,Vinter 2021,185924,200
O00130,online,Onlineauktion uge 48 2021 – Ældre Kunst/Ældre Møbler/Varia,2021-11-29,,Ældre Kunst/Ældre Møbler/Varia,,,,
O00131,online,Onlineauktion uge 48 2021 – Moderne Kunst/Moderne Møbler/Moderne Design,2021-11-30,,Moderne Kunst/Moderne Møbler/Moderne Design,,,,
O00132,online,Onlineauktion uge 48 2021 – Smykker/Fashion/Ure,2021-12-01,,Smykker/Fashion/Ure,,,,
O00133,online,Onlineauktion uge 49 2021 – Ældre Kunst/Ældre Møbler/Varia,2021-12-06,,Ældre Kunst/Ældre Møbler/Varia,,,,
O00134,online,Onlineauktion uge 49 2021 – Moderne Kunst/Moderne Møbler/Moderne Design,2021-12-07,,Moderne Kunst/Moderne Møbler/Moderne Design,,,,
O00135,online,Onlineauktion uge 49 2021 – Smykker/Fashion/Ure,2021-12-08,,Smykker/Fashion/Ure,,,,
O00136,online,Onlineauktion uge 50 2021 – Ældre Kunst/Ældre Møbler/Varia,2021-12-13,,Ældre Kunst/Ældre Møbler/Varia,,,,
O00137,online,Onlineauktion uge 50 2021 – Moderne Kunst/Moderne Møbler/Moderne Design,2021-12-14,,Moderne Kunst/Moderne Møbler/Moderne Design,,,,
O00138,online,Onlineauktion uge 50 2021 – Smykker/Fashion/Ure,2021-12-15,,Smykker/Fashion/Ure,,,,
O00139,online,Onlineauktion uge 51 2021 – Ældre Kunst/Ældre Møbler/Varia,2021-12-20,,Ældre Kunst/Ældre Møbler/Varia,,,,
O00140,online,Onlineauktion uge 51 2021 – Moderne Kunst/Moderne Møbler/Moderne Design,2021-12-21,,Moderne Kunst/Moderne Møbler/Moderne Design,,,,
O00141,online,Onlineauktion uge 51 2021 – Smykker/Fashion/Ure,2021-12-22,,Smykker/Fashion/Ure,,,,
O00158,online,Onlineauktion uge 2 2022 – Ældre Kunst/Ældre Møbler/Varia,2022-01-10,,Ældre Kunst/Ældre Møbler/Varia,,,,
O00159,online,Onlineauktion uge 2 2022 – Moderne Kunst/Moderne Møbler/Moderne Design,2022-01-11,,Moderne Kunst/Moderne Møbler/Moderne Design,,,,
O00160,online,Onlineauktion uge 2 2022 – Smykker/Fashion/Ure,2022-01-12,,Smykker/Fashion/Ure,,,,
O00161,online,Onlineauktion uge 3 2022 – Ældre Kunst/Ældre Møbler/Varia,2022-01-17,,Ældre Kunst/Ældre Møbler/Varia,,,,
O00162,online,Onlineauktion uge 3 2022 – Moderne Kunst/Moderne Møbler/Moderne Design,2022-01-18,,Moderne Kunst/Moderne Møbler/Moderne Design,,,,
O00163,online,Onlineauktion uge 3 2022 – Smykker/Fashion/Ure,2022-01-19,,Smykker/Fashion/Ure,,,,
O00164,online,Onlineauktion uge 4 2022 – Ældre Kunst/Ældre Møbler/Varia,2022-01-24,,Ældre Kunst/Ældre Møbler/Varia,,,,
O00165,online,Onlineauktion uge 4 2022 – Moderne Kunst/Moderne Møbler/Moderne Design,2022-01-25,,Moderne Kunst/Moderne Møbler/Moderne Design,,,,
O00166,online,Onlineauktion uge 4 2022 – Smykker/Fashion/Ure,2022-01-26,,Smykker/Fashion/Ure,,,,
O00167,online,Onlineauktion uge 5 2022 – Ældre Kunst/Ældre Møbler/Varia,2022-01-31,,Ældre Kunst/Ældre Møbler/Varia,,,,
O00168,online,Onlineauktion uge 5 2022 – Moderne Kunst/Moderne Møbler/Moderne Design,2022-02-01,,Moderne Kunst/Moderne Møbler/Moderne Design,,,,
O00169,online,Onlineauktion uge 5 2022 – Smykker/Fashion/Ure,2022-02-02,,Smykker/Fashion/Ure,,,,
O00170,online,Onlineauktion uge 6 2022 – Ældre Kunst/Ældre Møbler/Varia,2022-02-07,,Ældre Kunst/Ældre Møbler/Varia,,,,
O00171,online,Onlineauktion uge 6 2022 – Moderne Kunst/Moderne Møbler/Moderne Design,2022-02-08,,Moderne Kunst/Moderne Møbler/Moderne Design,,,,
O00172,online,Onlineauktion uge 6 2022 – Smykker/Fashion/Ure,2022-02-09,,Smykker/Fashion/Ure,,,,
O00173,online,Onlineauktion uge 7 2022 – Ældre Kunst/Ældre Møbler/Varia,2022-02-14,,Ældre Kunst/Ældre Møbler/Varia,,,,
O00174,online,Onlineauktion uge 7 2022 – Moderne Kunst/Moderne Møbler/Moderne Design,2022-02-15,,Moderne Kunst/Moderne Møbler/Moderne Design,,,,
O00175,online,Onlineauktion uge 7 2022 – Smykker/Fashion/Ure,2022-02-16,,Smykker/Fashion/Ure,,,,
O00176,online,Onlineauktion uge 8 2022 – Ældre Kunst/Ældre Møbler/Varia,2022-02-21,,Ældre Kunst/Ældre Møbler/Varia,,,,
O00177,online,Onlineauktion uge 8 2022 – Moderne Kunst/Moderne Møbler/Moderne Design,2022-02-22,,Moderne Kunst/Moderne Møbler/Moderne Design,,,,
O00178,online,Onlineauktion uge 8 2022 – Smykker/Fashion/Ure,2022-02-23,,Smykker/Fashion/Ure,,,,
O00179,online,Onlineauktion uge 9 2022 – Ældre Kunst/Ældre Møbler/Varia,2022-02-28,,Ældre Kunst/Ældre Møbler/Varia,,,,
O00180,online,Onlineauktion uge 9 2022 – Moderne Kunst/Moderne Møbler/Moderne Design,2022-03-01,,Moderne Kunst/Moderne Møbler/Moderne Design,,,,
O00181,online,Onlineauktion uge 9 2022 – Smykker/Fashion/Ure,2022-03-02,,Smykker/Fashion/Ure,,,,
L00299,live,Forårsauktion 2022 – Ældre Møbler/Ældre Kunst,2022-03-07,Forår,Ældre Møbler/Ældre Kunst,E20221,Forår 2022,131797,200
O00182,online,Onlineauktion uge 10 2022 – Ældre Kunst/Ældre Møbler/Varia,2022-03-07,,Ældre Kunst/Ældre Møbler/Varia,,,,
L00300,live,Forårsauktion 2022 – Varia/Moderne Design,2022-03-08,Forår,Varia/Moderne Design,E20221,Forår 2022,98082,200
O00183,online,Onlineauktion uge 10 2022 – Moderne Kunst/Moderne Møbler/Moderne Design,2022-03-08,,Moderne Kunst/Moderne Møbler/Moderne Design,,,,
L00301,live,Forårsauktion 2022 – Moderne Møbler/Moderne Kunst,2022-03-09,Forår,Moderne Møbler/Moderne Kunst,E20221,Forår 2022,80713,200
O00184,online,Onlineauktion uge 10 2022 – Smykker/Fashion/Ure,2022-03-09,,Smykker/Fashion/Ure,,,,
L00302,live,Forårsauktion 2022 – Smykker/Fashion/Ure,2022-03-10,Forår,Smykker/Fashion/Ure,E20221,Forår 2022,184925,200
O00185,online,Onlineauktion uge 11 2022 – Ældre Kunst/Ældre Møbler/Varia,2022-03-14,,Ældre Kunst/Ældre Møbler/Varia,,,,
O00186,online,Onlineauktion uge 11 2022 – Moderne Kunst/Moderne Møbler/Moderne Design,2022-03-15,,Moderne Kunst/Moderne Møbler/Moderne Design,,,,
O00187,online,Onlineauktion uge 11 2022 – Smykker/Fashion/Ure,2022-03-16,,Smykker/Fashion/Ure,,,,
O00188,online,Onlineauktion uge 12 2022 – Ældre Kunst/Ældre Møbler/Varia,2022-03-21,,Ældre Kunst/Ældre Møbler/Varia,,,,
O00189,online,Onlineauktion uge 12 2022 – Moderne Kunst/Moderne Møbler/Moderne Design,2022-03-22,,Moderne Kunst/Moderne Møbler/Moderne Design,,,,
O00190,online,Onlineauktion uge 12 2022 – Smykker/Fashion/Ure,2022-03-23,,Smykker/Fashion/Ure,,,,
O00191,online,Onlineauktion uge 13 2022 – Ældre Kunst/Ældre Møbler/Varia,2022-03-28,,Ældre Kunst/Ældre Møbler/Varia,,,,
O00192,online,Onlineauktion uge 13 2022 – Moderne Kunst/Moderne Møbler/Moderne Design,2022-03-29,,Moderne Kunst/Moderne Møbler/Moderne Design,,,,
O00193,online,Onlineauktion uge 13 2022 – Smykker/Fashion/Ure,2022-03-30,,Smykker/Fashion/Ure,,,,
O00194,online,Onlineauktion uge 14 2022 – Ældre Kunst/Ældre Møbler/Varia,2022-04-04,,Ældre Kunst/Ældre Møbler/Varia,,,,
O00195,online,Onlineauktion uge 14 2022 – Moderne Kunst/Moderne Møbler/Moderne Design,2022-04-05,,Moderne Kunst/Moderne Møbler/Moderne Design,,,,
O00196,online,Onlineauktion uge 14 2022 – Smykker/Fashion/Ure,2022-04-06,,Smykker/Fashion/Ure,,,,
O00197,online,Onlineauktion uge 15 2022 – Ældre Kunst/Ældre Møbler/Varia,2022-04-11,,Ældre Kunst/Ældre Møbler/Varia,,,,
O00198,online,Onlineauktion uge 15 2022 – Moderne Kunst/Moderne Møbler/Moderne Design,2022-04-12,,Moderne Kunst/Moderne Møbler/Moderne Design,,,,
O00199,online,Onlineauktion uge 15 2022 – Smykker/Fashion/Ure,2022-04-13,,Smykker/Fashion/Ure,,,,
O00200,online,Onlineauktion uge 16 2022 – Ældre Kunst/Ældre Møbler/Varia,2022-04-18,,Ældre Kunst/Ældre Møbler/Varia,,,,
O00201,online,Onlineauktion uge 16 2022 – Moderne Kunst/Moderne Møbler/Moderne Design,2022-04-19,,Moderne Kunst/Moderne Møbler/Moderne Design,,,,
O00202,online,Onlineauktion uge 16 2022 – Smykker/Fashion/Ure,2022-04-20,,Smykker/Fashion/Ure,,,,
O00203,online,Onlineauktion uge 17 2022 – Ældre Kunst/Ældre Møbler/Varia,2022-04-25,,Ældre Kunst/Ældre Møbler/Varia,,,,
O00204,online,Onlineauktion uge 17 2022 – Moderne Kunst/Moderne Møbler/Moderne Design,2022-04-26,,Moderne Kunst/Moderne Møbler/Moderne Design,,,,
O00205,online,Onlineauktion uge 17 2022 – Smykker/Fashion/Ure,2022-04-27,,Smykker/Fashion/Ure,,,,
O00206,online,Onlineauktion uge 18 2022 – Ældre Kunst/Ældre Møbler/Varia,2022-05-02,,Ældre Kunst/Ældre Møbler/Varia,,,,
O00207,online,Onlineauktion uge 18 2022 – Moderne Kunst/Moderne Møbler/Moderne Design,2022-05-03,,Moderne Kunst/Moderne Møbler/Moderne Design,,,,
O00208,online,Onlineauktion uge 18 2022 – Smykker/Fashion/Ure,2022-05-04,,Smykker/Fashion/Ure,,,,
O00209,online,Onlineauktion uge 19 2022 – Ældre Kunst/Ældre Møbler/Varia,2022-05-09,,Ældre Kunst/Ældre Møbler/Varia,,,,
O00210,online,Onlineauktion uge 19 2022 – Moderne Kunst/Moderne Møbler/Moderne Design,2022-05-10,,Moderne Kunst/Moderne Møbler/Moderne Design,,,,
O00211,online,Onlineauktion uge 19 2022 – Smykker/Fashion/Ure,2022-05-11,,Smykker/Fashion/Ure,,,,
O00212,online,Onlineauktion uge 20 2022 – Ældre Kunst/Ældre Møbler/Varia,2022-05-16,,Ældre Kunst/Ældre Møbler/Varia,,,,
O00213,online,Onlineauktion uge 20 2022 – Moderne Kunst/Moderne Møbler/Moderne Design,2022-05-17,,Moderne Kunst/Moderne Møbler/Moderne Design,,,,
O00214,online,Onlineauktion uge 20 2022 – Smykker/Fashion/Ure,2022-05-18,,Smykker/Fashion/Ure,,,,
O00215,online,Onlineauktion uge 21 2022 – Ældre Kunst/Ældre Møbler/Varia,2022-05-23,,Ældre Kunst/Ældre Møbler/Varia,,,,
O00216,online,Onlineauktion uge 21 2022 – Moderne Kunst/Moderne Møbler/Moderne Design,2022-05-24,,Moderne Kunst/Moderne Møbler/Moderne Design,,,,
O00217,online,Onlineauktion uge 21 2022 – Smykker/Fashion/Ure,2022-05-25,,Smykker/Fashion/Ure,,,,
L00303,live,Sommersauktion 2022 – Ældre Møbler/Ældre Kunst,2022-05-30,Sommer,Ældre Møbler/Ældre Kunst,E20222,Sommer 2022,110603,200
O00218,online,Onlineauktion uge 22 2022 – Ældre Kunst/Ældre Møbler/Varia,2022-05-30,,Ældre Kunst/Ældre Møbler/Varia,,,,
L00304,live,Sommersauktion 2022 – Varia/Moderne Design,2022-05-31,Sommer,Varia/Moderne Design,E20222,Sommer 2022,97038,200
O00219,online,Onlineauktion uge 22 2022 – Moderne Kunst/Moderne Møbler/Moderne Design,2022-05-31,,Moderne Kunst/Moderne Møbler/Moderne Design,,,,
L00305,live,Sommersauktion 2022 – Moderne Møbler/Moderne Kunst,2022-06-01,Sommer,Moderne Møbler/Moderne Kunst,E20222,Sommer 2022,59475,200
O00220,online,Onlineauktion uge 22 2022 – Smykker/Fashion/Ure,2022-06-01,,Smykker/Fashion/Ure,,,,
L00306,live,Sommersauktion 2022 – Smykker/Fashion/Ure,2022-06-02,Sommer,Smykker/Fashion/Ure,E20222,Sommer 2022,179469,200
O00221,online,Onlineauktion uge 23 2022 – Ældre Kunst/Ældre Møbler/Varia,2022-06-06,,Ældre Kunst/Ældre Møbler/Varia,,,,
O00222,online,Onlineauktion uge 23 2022 – Moderne Kunst/Moderne Møbler/Moderne Design,2022-06-07,,Moderne Kunst/Moderne Møbler/Moderne Design,,,,
O00223,online,Onlineauktion uge 23 2022 – Smykker/Fashion/Ure,2022-06-08,,Smykker/Fashion/Ure,,,,
O00224,online,Onlineauktion uge 24 2022 – Ældre Kunst/Ældre Møbler/Varia,2022-06-13,,Ældre Kunst/Ældre Møbler/Varia,,,,
O00225,online,Onlineauktion uge 24 2022 – Moderne Kunst/Moderne Møbler/Moderne Design,2022-06-14,,Moderne Kunst/Moderne Møbler/Moderne Design,,,,
O00226,online,Onlineauktion uge 24 2022 – Smykker/Fashion/Ure,2022-06-15,,Smykker/Fashion/Ure,,,,
O00227,online,Onlineauktion uge 25 2022 – Ældre Kunst/Ældre Møbler/Varia,2022-06-20,,Ældre Kunst/Ældre Møbler/Varia,,,,
O00228,online,Onlineauktion uge 25 2022 – Moderne Kunst/Moderne Møbler/Moderne Design,2022-06-21,,Moderne Kunst/Moderne Møbler/Moderne Design,,,,
O00229,online,Onlineauktion uge 25 2022 – Smykker/Fashion/Ure,2022-06-22,,Smykker/Fashion/Ure,,,,
O00230,online,Onlineauktion uge 26 2022 – Ældre Kunst/Ældre Møbler/Varia,2022-06-27,,Ældre Kunst/Ældre Møbler/Varia,,,,
O00231,online,Onlineauktion uge 26 2022 – Moderne Kunst/Moderne Møbler/Moderne Design,2022-06-28,,Moderne Kunst/Moderne Møbler/Moderne Design,,,,
O00232,online,Onlineauktion uge 26 2022 – Smykker/Fashion/Ure,2022-06-29,,Smykker/Fashion/Ure,,,,
O00233,online,Onlineauktion uge 27 2022 – Ældre Kunst/Ældre Møbler/Varia,2022-07-04,,Ældre Kunst/Ældre Møbler/Varia,,,,
O00234,online,Onlineauktion uge 27 2022 – Moderne Kunst/Moderne Møbler/Moderne Design,2022-07-05,,Moderne Kunst/Moderne Møbler/Moderne Design,,,,
O00235,online,Onlineauktion uge 27 2022 – Smykker/Fashion/Ure,2022-07-06,,Smykker/Fashion/Ure,,,,
O00236,online,Onlineauktion uge 31 2022 – Ældre Kunst/Ældre Møbler/Varia,2022-08-01,,Ældre Kunst/Ældre Møbler/Varia,,,,
O00237,online,Onlineauktion uge 31 2022 – Moderne Kunst/Moderne Møbler/Moderne Design,2022-08-02,,Moderne Kunst/Moderne Møbler/Moderne Design,,,,
O00238,online,Onlineauktion uge 31 2022 – Smykker/Fashion/Ure,2022-08-03,,Smykker/Fashion/Ure,,,,
O00239,online,Onlineauktion uge 32 2022 – Ældre Kunst/Ældre Møbler/Varia,2022-08-08,,Ældre Kunst/Ældre Møbler/Varia,,,,
O00240,online,Onlineauktion uge 32 2022 – Moderne Kunst/Moderne Møbler/Moderne Design,2022-08-09,,Moderne Kunst/Moderne Møbler/Moderne Design,,,,
O00241,online,Onlineauktion uge 32 2022 – Smykker/Fashion/Ure,2022-08-10,,Smykker/Fashion/Ure,,,,
O00242,online,Onlineauktion uge 33 2022 – Ældre Kunst/Ældre Møbler/Varia,2022-08-15,,Ældre Kunst/Ældre Møbler/Varia,,,,
O00243,online,Onlineauktion uge 33 2022 – Moderne Kunst/Moderne Møbler/Moderne Design,2022-08-16,,Moderne Kunst/Moderne Møbler/Moderne Design,,,,
O00244,online,Onlineauktion uge 33 2022 – Smykker/Fashion/Ure,2022-08-17,,Smykker/Fashion/Ure,,,,
O00245,online,Onlineauktion uge 34 2022 – Ældre Kunst/Ældre Møbler/Varia,2022-08-22,,Ældre Kunst/Ældre Møbler/Varia,,,,
O00246,online,Onlineauktion uge 34 2022 – Moderne Kunst/Moderne Møbler/Moderne Design,2022-08-23,,Moderne Kunst/Moderne Møbler/Moderne Design,,,,
O00247,online,Onlineauktion uge 34 2022 – Smykker/Fashion/Ure,2022-08-24,,Smykker/Fashion/Ure,,,,
O00248,online,Onlineauktion uge 35 2022 – Ældre Kunst/Ældre Møbler/Varia,2022-08-29,,Ældre Kunst/Ældre Møbler/Varia,,,,
O00249,online,Onlineauktion uge 35 2022 – Moderne Kunst/Moderne Møbler/Moderne Design,2022-08-30,,Moderne Kunst/Moderne Møbler/Moderne Design,,,,
O00250,online,Onlineauktion uge 35 2022 – Smykker/Fashion/Ure,2022-08-31,,Smykker/Fashion/Ure,,,,
O00251,online,Onlineauktion uge 36 2022 – Ældre Kunst/Ældre Møbler/Varia,2022-09-05,,Ældre Kunst/Ældre Møbler/Varia,,,,
O00252,online,Onlineauktion uge 36 2022 – Moderne Kunst/Moderne Møbler/Moderne Design,2022-09-06,,Moderne Kunst/Moderne Møbler/Moderne Design,,,,
O00253,online,Onlineauktion uge 36 2022 – Smykker/Fashion/Ure,2022-09-07,,Smykker/Fashion/Ure,,,,
L00307,live,Efterårsauktion 2022 – Ældre Møbler/Ældre Kunst,2022-09-12,Efterår,Ældre Møbler/Ældre Kunst,E20223,Efterår 2022,121930,200
O00254,online,Onlineauktion uge 37 2022 – Ældre Kunst/Ældre Møbler/Varia,2022-09-12,,Ældre Kunst/Ældre Møbler/Varia,,,,
L00308,live,Efterårsauktion 2022 – Varia/Moderne Design,2022-09-13,Efterår,Varia/Moderne Design,E20223,Efterår 2022,112078,200
O00255,online,Onlineauktion uge 37 2022 – Moderne Kunst/Moderne Møbler/Moderne Design,2022-09-13,,Moderne Kunst/Moderne Møbler/Moderne Design,,,,
L00309,live,Efterårsauktion 2022 – Moderne Møbler/Moderne Kunst,2022-09-14,Efterår,Moderne Møbler/Moderne Kunst,E20223,Efterår 2022,91140,200
O00256,online,Onlineauktion uge 37 2022 – Smykker/Fashion/Ure,2022-09-14,,Smykker/Fashion/Ure,,,,
L00310,live,Efterårsauktion 2022 – Smykker/Fashion/Ure,2022-09-15,Efterår,Smykker/Fashion/Ure,E20223,Efterår 2022,204449,200
O00257,online,Onlineauktion uge 38 2022 – Ældre Kunst/Ældre Møbler/Varia,2022-09-19,,Ældre Kunst/Ældre Møbler/Varia,,,,
O00258,online,Onlineauktion uge 38 2022 – Moderne Kunst/Moderne Møbler/Moderne Design,2022-09-20,,Moderne Kunst/Moderne Møbler/Moderne Design,,,,
O00259,online,Onlineauktion uge 38 2022 – Smykker/Fashion/Ure,2022-09-21,,Smykker/Fashion/Ure,,,,
O00260,online,Onlineauktion uge 39 2022 – Ældre Kunst/Ældre Møbler/Varia,2022-09-26,,Ældre Kunst/Ældre Møbler/Varia,,,,
O00261,online,Onlineauktion uge 39 2022 – Moderne Kunst/Moderne Møbler/Moderne Design,2022-09-27,,Moderne Kunst/Moderne Møbler/Moderne Design,,,,
O00262,online,Onlineauktion uge 39 2022 – Smykker/Fashion/Ure,2022-09-28,,Smykker/Fashion/Ure,,,,
O00263,online,Onlineauktion uge 40 2022 – Ældre Kunst/Ældre Møbler/Varia,2022-10-03,,Ældre Kunst/Ældre Møbler/Varia,,,,
O00264,online,Onlineauktion uge 40 2022 – Moderne Kunst/Moderne Møbler/Moderne Design,2022-10-04,,Moderne Kunst/Moderne Møbler/Moderne Design,,,,
O00265,online,Onlineauktion uge 40 2022 – Smykker/Fashion/Ure,2022-10-05,,Smykker/Fashion/Ure,,,,
O00266,online,Onlineauktion uge 41 2022 – Ældre Kunst/Ældre Møbler/Varia,2022-10-10,,Ældre Kunst/Ældre Møbler/Varia,,,,
O00267,online,Onlineauktion uge 41 2022 – Moderne Kunst/Moderne Møbler/Moderne Design,2022-10-11,,Moderne Kunst/Moderne Møbler/Moderne Design,,,,
O00268,online,Onlineauktion uge 41 2022 – Smykker/Fashion/Ure,2022-10-12,,Smykker/Fashion/Ure,,,,
O00269,online,Onlineauktion uge 42 2022 – Ældre Kunst/Ældre Møbler/Varia,2022-10-17,,Ældre Kunst/Ældre Møbler/Varia,,,,
O00270,online,Onlineauktion uge 42 2022 – Moderne Kunst/Moderne Møbler/Moderne Design,2022-10-18,,Moderne Kunst/Moderne Møbler/Moderne Design,,,,
O00271,online,Onlineauktion uge 42 2022 – Smykker/Fashion/Ure,2022-10-19,,Smykker/Fashion/Ure,,,,
O00272,online,Onlineauktion uge 43 2022 – Ældre Kunst/Ældre Møbler/Varia,2022-10-24,,Ældre Kunst/Ældre Møbler/Varia,,,,
O00273,online,Onlineauktion uge 43 2022 – Moderne Kunst/Moderne Møbler/Moderne Design,2022-10-25,,Moderne Kunst/Moderne Møbler/Moderne Design,,,,
O00274,online,Onlineauktion uge 43 2022 – Smykker/Fashion/Ure,2022-10-26,,Smykker/Fashion/Ure,,,,
O00275,online,Onlineauktion uge 44 2022 – Ældre Kunst/Ældre Møbler/Varia,2022-10-31,,Ældre Kunst/Ældre Møbler/Varia,,,,
O00276,online,Onlineauktion uge 44 2022 – Moderne Kunst/Moderne Møbler/Moderne Design,2022-11-01,,Moderne Kunst/Moderne Møbler/Moderne Design,,,,
O00277,online,Onlineauktion uge 44 2022 – Smykker/Fashion/Ure,2022-11-02,,Smykker/Fashion/Ure,,,,
O00278,online,Onlineauktion uge 45 2022 – Ældre Kunst/Ældre Møbler/Varia,2022-11-07,,Ældre Kunst/Ældre Møbler/Varia,,,,
O00279,online,Onlineauktion uge 45 2022 – Moderne Kunst/Moderne Møbler/Moderne Design,2022-11-08,,Moderne Kunst/Moderne Møbler/Moderne Design,,,,
O00280,online,Onlineauktion uge 45 2022 – Smykker/Fashion/Ure,2022-11-09,,Smykker/Fashion/Ure,,,,
O00281,online,Onlineauktion uge 46 2022 – Ældre Kunst/Ældre Møbler/Varia,2022-11-14,,Ældre Kunst/Ældre Møbler/Varia,,,,
O00282,online,Onlineauktion uge 46 2022 – Moderne Kunst/Moderne Møbler/Moderne Design,2022-11-15,,Moderne Kunst/Moderne Møbler/Moderne Design,,,,
O00283,online,Onlineauktion uge 46 2022 – Smykker/Fashion/Ure,2022-11-16,,Smykker/Fashion/Ure,,,,
L00311,live,Vintersauktion 2022 – Ældre Møbler/Ældre Kunst,2022-11-21,Vinter,Ældre Møbler/Ældre Kunst,E20224,Vinter 2022,118454,200
O00284,online,Onlineauktion uge 47 2022 – Ældre Kunst/Ældre Møbler/Varia,2022-11-21,,Ældre Kunst/Ældre Møbler/Varia,,,,
L00312,live,Vintersauktion 2022 – Varia/Moderne Design,2022-11-22,Vinter,Varia/Moderne Design,E20224,Vinter 2022,103004,200
O00285,online,Onlineauktion uge 47 2022 – Moderne Kunst/Moderne Møbler/Moderne Design,2022-11-22,,Moderne Kunst/Moderne Møbler/Moderne Design,,,,
L00313,live,Vintersauktion 2022 – Moderne Møbler/Moderne Kunst,2022-11-23,Vinter,Moderne Møbler/Moderne Kunst,E20224,Vinter 2022,60772,200
O00286,online,Onlineauktion uge 47 2022 – Smykker/Fashion/Ure,2022-11-23,,Smykker/Fashion/Ure,,,,
L00314,live,Vintersauktion 2022 – Smykker/Fashion/Ure,2022-11-24,Vinter,Smykker/Fashion/Ure,E20224,Vinter 2022,161716,200
O00287,online,Onlineauktion uge 48 2022 – Ældre Kunst/Ældre Møbler/Varia,2022-11-28,,Ældre Kunst/Ældre Møbler/Varia,,,,
O00288,online,Onlineauktion uge 48 2022 – Moderne Kunst/Moderne Møbler/Moderne Design,2022-11-29,,Moderne Kunst/Moderne Møbler/Moderne Design,,,,
O00289,online,Onlineauktion uge 48 2022 – Smykker/Fashion/Ure,2022-11-30,,Smykker/Fashion/Ure,,,,
O00290,online,Onlineauktion uge 49 2022 – Ældre Kunst/Ældre Møbler/Varia,2022-12-05,,Ældre Kunst/Ældre Møbler/Varia,,,,
O00291,online,Onlineauktion uge 49 2022 – Moderne Kunst/Moderne Møbler/Moderne Design,2022-12-06,,Moderne Kunst/Moderne Møbler/Moderne Design,,,,
O00292,online,Onlineauktion uge 49 2022 – Smykker/Fashion/Ure,2022-12-07,,Smykker/Fashion/Ure,,,,
O00293,online,Onlineauktion uge 50 2022 – Ældre Kunst/Ældre Møbler/Varia,2022-12-12,,Ældre Kunst/Ældre Møbler/Varia,,,,
O00294,online,Onlineauktion uge 50 2022 – Moderne Kunst/Moderne Møbler/Moderne Design,2022-12-13,,Moderne Kunst/Moderne Møbler/Moderne Design,,,,
O00295,online,Onlineauktion uge 50 2022 – Smykker/Fashion/Ure,2022-12-14,,Smykker/Fashion/Ure,,,,
O00296,online,Onlineauktion uge 51 2022 – Ældre Kunst/Ældre Møbler/Varia,2022-12-19,,Ældre Kunst/Ældre Møbler/Varia,,,,
O00297,online,Onlineauktion uge 51 2022 – Moderne Kunst/Moderne Møbler/Moderne Design,2022-12-20,,Moderne Kunst/Moderne Møbler/Moderne Design,,,,
O00298,online,Onlineauktion uge 51 2022 – Smykker/Fashion/Ure,2022-12-21,,Smykker/Fashion/Ure,,,,
O00315,online,Onlineauktion uge 2 2023 – Ældre Kunst/Ældre Møbler/Varia,2023-01-09,,Ældre Kunst/Ældre Møbler/Varia,,,,
O00316,online,Onlineauktion uge 2 2023 – Moderne Kunst/Moderne Møbler/Moderne Design,2023-01-10,,Moderne Kunst/Moderne Møbler/Moderne Design,,,,
O00317,online,Onlineauktion uge 2 2023 – Smykker/Fashion/Ure,2023-01-11,,Smykker/Fashion/Ure,,,,
O00318,online,Onlineauktion uge 3 2023 – Ældre Kunst/Ældre Møbler/Varia,2023-01-16,,Ældre Kunst/Ældre Møbler/Varia,,,,
O00319,online,Onlineauktion uge 3 2023 – Moderne Kunst/Moderne Møbler/Moderne Design,2023-01-17,,Moderne Kunst/Moderne Møbler/Moderne Design,,,,
O00320,online,Onlineauktion uge 3 2023 – Smykker/Fashion/Ure,2023-01-18,,Smykker/Fashion/Ure,,,,
O00321,online,Onlineauktion uge 4 2023 – Ældre Kunst/Ældre Møbler/Varia,2023-01-23,,Ældre Kunst/Ældre Møbler/Varia,,,,
O00322,online,Onlineauktion uge 4 2023 – Moderne Kunst/Moderne Møbler/Moderne Design,2023-01-24,,Moderne Kunst/Moderne Møbler/Moderne Design,,,,
O00323,online,Onlineauktion uge 4 2023 – Smykker/Fashion/Ure,2023-01-25,,Smykker/Fashion/Ure,,,,
O00324,online,Onlineauktion uge 5 2023 – Ældre Kunst/Ældre Møbler/Varia,2023-01-30,,Ældre Kunst/Ældre Møbler/Varia,,,,
O00325,online,Onlineauktion uge 5 2023 – Moderne Kunst/Moderne Møbler/Moderne Design,2023-01-31,,Moderne Kunst/Moderne Møbler/Moderne Design,,,,
O00326,online,Onlineauktion uge 5 2023 – Smykker/Fashion/Ure,2023-02-01,,Smykker/Fashion/Ure,,,,
O00327,online,Onlineauktion uge 6 2023 – Ældre Kunst/Ældre Møbler/Varia,2023-02-06,,Ældre Kunst/Ældre Møbler/Varia,,,,
O00328,online,Onlineauktion uge 6 2023 – Moderne Kunst/Moderne Møbler/Moderne Design,2023-02-07,,Moderne Kunst/Moderne Møbler/Moderne Design,,,,
O00329,online,Onlineauktion uge 6 2023 – Smykker/Fashion/Ure,2023-02-08,,Smykker/Fashion/Ure,,,,
O00330,online,Onlineauktion uge 7 2023 – Ældre Kunst/Ældre Møbler/Varia,2023-02-13,,Ældre Kunst/Ældre Møbler/Varia,,,,
O00331,online,Onlineauktion uge 7 2023 – Moderne Kunst/Moderne Møbler/Moderne Design,2023-02-14,,Moderne Kunst/Moderne Møbler/Moderne Design,,,,
O00332,online,Onlineauktion uge 7 2023 – Smykker/Fashion/Ure,2023-02-15,,Smykker/Fashion/Ure,,,,
O00333,online,Onlineauktion uge 8 2023 – Ældre Kunst/Ældre Møbler/Varia,2023-02-20,,Ældre Kunst/Ældre Møbler/Varia,,,,
O00334,online,Onlineauktion uge 8 2023 – Moderne Kunst/Moderne Møbler/Moderne Design,2023-02-21,,Moderne Kunst/Moderne Møbler/Moderne Design,,,,
O00335,online,Onlineauktion uge 8 2023 – Smykker/Fashion/Ure,2023-02-22,,Smykker/Fashion/Ure,,,,
O00336,online,Onlineauktion uge 9 2023 – Ældre Kunst/Ældre Møbler/Varia,2023-02-27,,Ældre Kunst/Ældre Møbler/Varia,,,,
O00337,online,Onlineauktion uge 9 2023 – Moderne Kunst/Moderne Møbler/Moderne Design,2023-02-28,,Moderne Kunst/Moderne Møbler/Moderne Design,,,,
O00338,online,Onlineauktion uge 9 2023 – Smykker/Fashion/Ure,2023-03-01,,Smykker/Fashion/Ure,,,,
L00456,live,Forårsauktion 2023 – Ældre Møbler/Ældre Kunst,2023-03-06,Forår,Ældre Møbler/Ældre Kunst,E20231,Forår 2023,146998,200
O00339,online,Onlineauktion uge 10 2023 – Ældre Kunst/Ældre Møbler/Varia,2023-03-06,,Ældre Kunst/Ældre Møbler/Varia,,,,
L00457,live,Forårsauktion 2023 – Varia/Moderne Design,2023-03-07,Forår,Varia/Moderne Design,E20231,Forår 2023,106907,200
O00340,online,Onlineauktion uge 10 2023 – Moderne Kunst/Moderne Møbler/Moderne Design,2023-03-07,,Moderne Kunst/Moderne Møbler/Moderne Design,,,,
L00458,live,Forårsauktion 2023 – Moderne Møbler/Moderne Kunst,2023-03-08,Forår,Moderne Møbler/Moderne Kunst,E20231,Forår 2023,69247,200
O00341,online,Onlineauktion uge 10 2023 – Smykker/Fashion/Ure,2023-03-08,,Smykker/Fashion/Ure,,,,
L00459,live,Forårsauktion 2023 – Smykker/Fashion/Ure,2023-03-09,Forår,Smykker/Fashion/Ure,E20231,Forår 2023,221104,200
O00342,online,Onlineauktion uge 11 2023 – Ældre Kunst/Ældre Møbler/Varia,2023-03-13,,Ældre Kunst/Ældre Møbler/Varia,,,,
O00343,online,Onlineauktion uge 11 2023 – Moderne Kunst/Moderne Møbler/Moderne Design,2023-03-14,,Moderne Kunst/Moderne Møbler/Moderne Design,,,,
O00344,online,Onlineauktion uge 11 2023 – Smykker/Fashion/Ure,2023-03-15,,Smykker/Fashion/Ure,,,,
O00345,online,Onlineauktion uge 12 2023 – Ældre Kunst/Ældre Møbler/Varia,2023-03-20,,Ældre Kunst/Ældre Møbler/Varia,,,,
O00346,online,Onlineauktion uge 12 2023 – Moderne Kunst/Moderne Møbler/Moderne Design,2023-03-21,,Moderne Kunst/Moderne Møbler/Moderne Design,,,,
O00347,online,Onlineauktion uge 12 2023 – Smykker/Fashion/Ure,2023-03-22,,Smykker/Fashion/Ure,,,,
O00348,online,Onlineauktion uge 13 2023 – Ældre Kunst/Ældre Møbler/Varia,2023-03-27,,Ældre Kunst/Ældre Møbler/Varia,,,,
O00349,online,Onlineauktion uge 13 2023 – Moderne Kunst/Moderne Møbler/Moderne Design,2023-03-28,,Moderne Kunst/Moderne Møbler/Moderne Design,,,,
O00350,online,Onlineauktion uge 13 2023 – Smykker/Fashion/Ure,2023-03-29,,Smykker/Fashion/Ure,,,,
O00351,online,Onlineauktion uge 14 2023 – Ældre Kunst/Ældre Møbler/Varia,2023-04-03,,Ældre Kunst/Ældre Møbler/Varia,,,,
O00352,online,Onlineauktion uge 14 2023 – Moderne Kunst/Moderne Møbler/Moderne Design,2023-04-04,,Moderne Kunst/Moderne Møbler/Moderne Design,,,,
O00353,online,Onlineauktion uge 14 2023 – Smykker/Fashion/Ure,2023-04-05,,Smykker/Fashion/Ure,,,,
O00354,online,Onlineauktion uge 15 2023 – Ældre Kunst/Ældre Møbler/Varia,2023-04-10,,Ældre Kunst/Ældre Møbler/Varia,,,,
O00355,online,Onlineauktion uge 15 2023 – Moderne Kunst/Moderne Møbler/Moderne Design,2023-04-11,,Moderne Kunst/Moderne Møbler/Moderne Design,,,,
O00356,online,Onlineauktion uge 15 2023 – Smykker/Fashion/Ure,2023-04-12,,Smykker/Fashion/Ure,,,,
O00357,online,Onlineauktion uge 16 2023 – Ældre Kunst/Ældre Møbler/Varia,2023-04-17,,Ældre Kunst/Ældre Møbler/Varia,,,,
O00358,online,Onlineauktion uge 16 2023 – Moderne Kunst/Moderne Møbler/Moderne Design,2023-04-18,,Moderne Kunst/Moderne Møbler/Moderne Design,,,,
O00359,online,Onlineauktion uge 16 2023 – Smykker/Fashion/Ure,2023-04-19,,Smykker/Fashion/Ure,,,,
O00360,online,Onlineauktion uge 17 2023 – Ældre Kunst/Ældre Møbler/Varia,2023-04-24,,Ældre Kunst/Ældre Møbler/Varia,,,,
O00361,online,Onlineauktion uge 17 2023 – Moderne Kunst/Moderne Møbler/Moderne Design,2023-04-25,,Moderne Kunst/Moderne Møbler/Moderne Design,,,,
O00362,online,Onlineauktion uge 17 2023 – Smykker/Fashion/Ure,2023-04-26,,Smykker/Fashion/Ure,,,,
O00363,online,Onlineauktion uge 18 2023 – Ældre Kunst/Ældre Møbler/Varia,2023-05-01,,Ældre Kunst/Ældre Møbler/Varia,,,,
O00364,online,Onlineauktion uge 18 2023 – Moderne Kunst/Moderne Møbler/Moderne Design,2023-05-02,,Moderne Kunst/Moderne Møbler/Moderne Design,,,,
O00365,online,Onlineauktion uge 18 2023 – Smykker/Fashion/Ure,2023-05-03,,Smykker/Fashion/Ure,,,,
O00366,online,Onlineauktion uge 19 2023 – Ældre Kunst/Ældre Møbler/Varia,2023-05-08,,Ældre Kunst/Ældre Møbler/Varia,,,,
O00367,online,Onlineauktion uge 19 2023 – Moderne Kunst/Moderne Møbler/Moderne Design,2023-05-09,,Moderne Kunst/Moderne Møbler/Moderne Design,,,,
O00368,online,Onlineauktion uge 19 2023 – Smykker/Fashion/Ure,2023-05-10,,Smykker/Fashion/Ure,,,,
O00369,online,Onlineauktion uge 20 2023 – Ældre Kunst/Ældre Møbler/Varia,2023-05-15,,Ældre Kunst/Ældre Møbler/Varia,,,,
O00370,online,Onlineauktion uge 20 2023 – Moderne Kunst/Moderne Møbler/Moderne Design,2023-05-16,,Moderne Kunst/Moderne Møbler/Moderne Design,,,,
O00371,online,Onlineauktion uge 20 2023 – Smykker/Fashion/Ure,2023-05-17,,Smykker/Fashion/Ure,,,,
O00372,online,Onlineauktion uge 21 2023 – Ældre Kunst/Ældre Møbler/Varia,2023-05-22,,Ældre Kunst/Ældre Møbler/Varia,,,,
O00373,online,Onlineauktion uge 21 2023 – Moderne Kunst/Moderne Møbler/Moderne Design,2023-05-23,,Moderne Kunst/Moderne Møbler/Moderne Design,,,,
O00374,online,Onlineauktion uge 21 2023 – Smykker/Fashion/Ure,2023-05-24,,Smykker/Fashion/Ure,,,,
O00375,online,Onlineauktion uge 22 2023 – Ældre Kunst/Ældre Møbler/Varia,2023-05-29,,Ældre Kunst/Ældre Møbler/Varia,,,,
O00376,online,Onlineauktion uge 22 2023 – Moderne Kunst/Moderne Møbler/Moderne Design,2023-05-30,,Moderne Kunst/Moderne Møbler/Moderne Design,,,,
O00377,online,Onlineauktion uge 22 2023 – Smykker/Fashion/Ure,2023-05-31,,Smykker/Fashion/Ure,,,,
L00460,live,Sommersauktion 2023 – Ældre Møbler/Ældre Kunst,2023-06-05,Sommer,Ældre Møbler/Ældre Kunst,E20232,Sommer 2023,121047,200
O00378,online,Onlineauktion uge 23 2023 – Ældre Kunst/Ældre Møbler/Varia,2023-06-05,,Ældre Kunst/Ældre Møbler/Varia,,,,
L00461,live,Sommersauktion 2023 – Varia/Moderne Design,2023-06-06,Sommer,Varia/Moderne Design,E20232,Sommer 2023,105060,200
O00379,online,Onlineauktion uge 23 2023 – Moderne Kunst/Moderne Møbler/Moderne Design,2023-06-06,,Moderne Kunst/Moderne Møbler/Moderne Design,,,,
L00462,live,Sommersauktion 2023 – Moderne Møbler/Moderne Kunst,2023-06-07,Sommer,Moderne Møbler/Moderne Kunst,E20232,Sommer 2023,76511,200
O00380,online,Onlineauktion uge 23 2023 – Smykker/Fashion/Ure,2023-06-07,,Smykker/Fashion/Ure,,,,
L00463,live,Sommersauktion 2023 – Smykker/Fashion/Ure,2023-06-08,Sommer,Smykker/Fashion/Ure,E20232,Sommer 2023,213545,200
O00381,online,Onlineauktion uge 24 2023 – Ældre Kunst/Ældre Møbler/Varia,2023-06-12,,Ældre Kunst/Ældre Møbler/Varia,,,,
O00382,online,Onlineauktion uge 24 2023 – Moderne Kunst/Moderne Møbler/Moderne Design,2023-06-13,,Moderne Kunst/Moderne Møbler/Moderne Design,,,,
O00383,online,Onlineauktion uge 24 2023 – Smykker/Fashion/Ure,2023-06-14,,Smykker/Fashion/Ure,,,,
O00384,online,Onlineauktion uge 25 2023 – Ældre Kunst/Ældre Møbler/Varia,2023-06-19,,Ældre Kunst/Ældre Møbler/Varia,,,,
O00385,online,Onlineauktion uge 25 2023 – Moderne Kunst/Moderne Møbler/Moderne Design,2023-06-20,,Moderne Kunst/Moderne Møbler/Moderne Design,,,,
O00386,online,Onlineauktion uge 25 2023 – Smykker/Fashion/Ure,2023-06-21,,Smykker/Fashion/Ure,,,,
O00387,online,Onlineauktion uge 26 2023 – Ældre Kunst/Ældre Møbler/Varia,2023-06-26,,Ældre Kunst/Ældre Møbler/Varia,,,,
O00388,online,Onlineauktion uge 26 2023 – Moderne Kunst/Moderne Møbler/Moderne Design,2023-06-27,,Moderne Kunst/Moderne Møbler/Moderne Design,,,,
O00389,online,Onlineauktion uge 26 2023 – Smykker/Fashion/Ure,2023-06-28,,Smykker/Fashion/Ure,,,,
O00390,online,Onlineauktion uge 27 2023 – Ældre Kunst/Ældre Møbler/Varia,2023-07-03,,Ældre Kunst/Ældre Møbler/Varia,,,,
O00391,online,Onlineauktion uge 27 2023 – Moderne Kunst/Moderne Møbler/Moderne Design,2023-07-04,,Moderne Kunst/Moderne Møbler/Moderne Design,,,,
O00392,online,Onlineauktion uge 27 2023 – Smykker/Fashion/Ure,2023-07-05,,Smykker/Fashion/Ure,,,,
O00393,online,Onlineauktion uge 31 2023 – Ældre Kunst/Ældre Møbler/Varia,2023-07-31,,Ældre Kunst/Ældre Møbler/Varia,,,,
O00394,online,Onlineauktion uge 31 2023 – Moderne Kunst/Moderne Møbler/Moderne Design,2023-08-01,,Moderne Kunst/Moderne Møbler/Moderne Design,,,,
O00395,online,Onlineauktion uge 31 2023 – Smykker/Fashion/Ure,2023-08-02,,Smykker/Fashion/Ure,,,,
O00396,online,Onlineauktion uge 32 2023 – Ældre Kunst/Ældre Møbler/Varia,2023-08-07,,Ældre Kunst/Ældre Møbler/Varia,,,,
O00397,online,Onlineauktion uge 32 2023 – Moderne Kunst/Moderne Møbler/Moderne Design,2023-08-08,,Moderne Kunst/Moderne Møbler/Moderne Design,,,,
O00398,online,Onlineauktion uge 32 2023 – Smykker/Fashion/Ure,2023-08-09,,Smykker/Fashion/Ure,,,,
O00399,online,Onlineauktion uge 33 2023 – Ældre Kunst/Ældre Møbler/Varia,2023-08-14,,Ældre Kunst/Ældre Møbler/Varia,,,,
O00400,online,Onlineauktion uge 33 2023 – Moderne Kunst/Moderne Møbler/Moderne Design,2023-08-15,,Moderne Kunst/Moderne Møbler/Moderne Design,,,,
O00401,online,Onlineauktion uge 33 2023 – Smykker/Fashion/Ure,2023-08-16,,Smykker/Fashion/Ure,,,,
O00402,online,Onlineauktion uge 34 2023 – Ældre Kunst/Ældre Møbler/Varia,2023-08-21,,Ældre Kunst/Ældre Møbler/Varia,,,,
O00403,online,Onlineauktion uge 34 2023 – Moderne Kunst/Moderne Møbler/Moderne Design,2023-08-22,,Moderne Kunst/Moderne Møbler/Moderne Design,,,,
O00404,online,Onlineauktion uge 34 2023 – Smykker/Fashion/Ure,2023-08-23,,Smykker/Fashion/Ure,,,,
O00405,online,Onlineauktion uge 35 2023 – Ældre Kunst/Ældre Møbler/Varia,2023-08-28,,Ældre Kunst/Ældre Møbler/Varia,,,,
O00406,online,Onlineauktion uge 35 2023 – Moderne Kunst/Moderne Møbler/Moderne Design,2023-08-29,,Moderne Kunst/Moderne Møbler/Moderne Design,,,,
O00407,online,Onlineauktion uge 35 2023 – Smykker/Fashion/Ure,2023-08-30,,Smykker/Fashion/Ure,,,,
O00408,online,Onlineauktion uge 36 2023 – Ældre Kunst/Ældre Møbler/Varia,2023-09-04,,Ældre Kunst/Ældre Møbler/Varia,,,,
O00409,online,Onlineauktion uge 36 2023 – Moderne Kunst/Moderne Møbler/Moderne Design,2023-09-05,,Moderne Kunst/Moderne Møbler/Moderne Design,,,,
O00410,online,Onlineauktion uge 36 2023 – Smykker/Fashion/Ure,2023-09-06,,Smykker/Fashion/Ure,,,,
O00411,online,Onlineauktion uge 37 2023 – Ældre Kunst/Ældre Møbler/Varia,2023-09-11,,Ældre Kunst/Ældre Møbler/Varia,,,,
O00412,online,Onlineauktion uge 37 2023 – Moderne Kunst/Moderne Møbler/Moderne Design,2023-09-12,,Moderne Kunst/Moderne Møbler/Moderne Design,,,,
O00413,online,Onlineauktion uge 37 2023 – Smykker/Fashion/Ure,2023-09-13,,Smykker/Fashion/Ure,,,,
L00464,live,Efterårsauktion 2023 – Ældre Møbler/Ældre Kunst,2023-09-18,Efterår,Ældre Møbler/Ældre Kunst,E20233,Efterår 2023,113814,200
O00414,online,Onlineauktion uge 38 2023 – Ældre Kunst/Ældre Møbler/Varia,2023-09-18,,Ældre Kunst/Ældre Møbler/Varia,,,,
L00465,live,Efterårsauktion 2023 – Varia/Moderne Design,2023-09-19,Efterår,Varia/Moderne Design,E20233,Efterår 2023,90192,200
O00415,online,Onlineauktion uge 38 2023 – Moderne Kunst/Moderne Møbler/Moderne Design,2023-09-19,,Moderne Kunst/Moderne Møbler/Moderne Design,,,,
L00466,live,Efterårsauktion 2023 – Moderne Møbler/Moderne Kunst,2023-09-20,Efterår,Moderne Møbler/Moderne Kunst,E20233,Efterår 2023,64423,200
O00416,online,Onlineauktion uge 38 2023 – Smykker/Fashion/Ure,2023-09-20,,Smykker/Fashion/Ure,,,,
L00467,live,Efterårsauktion 2023 – Smykker/Fashion/Ure,2023-09-21,Efterår,Smykker/Fashion/Ure,E20233,Efterår 2023,181458,200
O00417,online,Onlineauktion uge 39 2023 – Ældre Kunst/Ældre Møbler/Varia,2023-09-25,,Ældre Kunst/Ældre Møbler/Varia,,,,
O00418,online,Onlineauktion uge 39 2023 – Moderne Kunst/Moderne Møbler/Moderne Design,2023-09-26,,Moderne Kunst/Moderne Møbler/Moderne Design,,,,
O00419,online,Onlineauktion uge 39 2023 – Smykker/Fashion/Ure,2023-09-27,,Smykker/Fashion/Ure,,,,
O00420,online,Onlineauktion uge 40 2023 – Ældre Kunst/Ældre Møbler/Varia,2023-10-02,,Ældre Kunst/Ældre Møbler/Varia,,,,
O00421,online,Onlineauktion uge 40 2023 – Moderne Kunst/Moderne Møbler/Moderne Design,2023-10-03,,Moderne Kunst/Moderne Møbler/Moderne Design,,,,
O00422,online,Onlineauktion uge 40 2023 – Smykker/Fashion/Ure,2023-10-04,,Smykker/Fashion/Ure,,,,
O00423,online,Onlineauktion uge 41 2023 – Ældre Kunst/Ældre Møbler/Varia,2023-10-09,,Ældre Kunst/Ældre Møbler/Varia,,,,
O00424,online,Onlineauktion uge 41 2023 – Moderne Kunst/Moderne Møbler/Moderne Design,2023-10-10,,Moderne Kunst/Moderne Møbler/Moderne Design,,,,
O00425,online,Onlineauktion uge 41 2023 – Smykker/Fashion/Ure,2023-10-11,,Smykker/Fashion/Ure,,,,
O00426,online,Onlineauktion uge 42 2023 – Ældre Kunst/Ældre Møbler/Varia,2023-10-16,,Ældre Kunst/Ældre Møbler/Varia,,,,
O00427,online,Onlineauktion uge 42 2023 – Moderne Kunst/Moderne Møbler/Moderne Design,2023-10-17,,Moderne Kunst/Moderne Møbler/Moderne Design,,,,
O00428,online,Onlineauktion uge 42 2023 – Smykker/Fashion/Ure,2023-10-18,,Smykker/Fashion/Ure,,,,
O00429,online,Onlineauktion uge 43 2023 – Ældre Kunst/Ældre Møbler/Varia,2023-10-23,,Ældre Kunst/Ældre Møbler/Varia,,,,
O00430,online,Onlineauktion uge 43 2023 – Moderne Kunst/Moderne Møbler/Moderne Design,2023-10-24,,Moderne Kunst/Moderne Møbler/Moderne Design,,,,
O00431,online,Onlineauktion uge 43 2023 – Smykker/Fashion/Ure,2023-10-25,,Smykker/Fashion/Ure,,,,
O00432,online,Onlineauktion uge 44 2023 – Ældre Kunst/Ældre Møbler/Varia,2023-10-30,,Ældre Kunst/Ældre Møbler/Varia,,,,
O00433,online,Onlineauktion uge 44 2023 – Moderne Kunst/Moderne Møbler/Moderne Design,2023-10-31,,Moderne Kunst/Moderne Møbler/Moderne Design,,,,
O00434,online,Onlineauktion uge 44 2023 – Smykker/Fashion/Ure,2023-11-01,,Smykker/Fashion/Ure,,,,
O00435,online,Onlineauktion uge 45 2023 – Ældre Kunst/Ældre Møbler/Varia,2023-11-06,,Ældre Kunst/Ældre Møbler/Varia,,,,
O00436,online,Onlineauktion uge 45 2023 – Moderne Kunst/Moderne Møbler/Moderne Design,2023-11-07,,Moderne Kunst/Moderne Møbler/Moderne Design,,,,
O00437,online,Onlineauktion uge 45 2023 – Smykker/Fashion/Ure,2023-11-08,,Smykker/Fashion/Ure,,,,
O00438,online,Onlineauktion uge 46 2023 – Ældre Kunst/Ældre Møbler/Varia,2023-11-13,,Ældre Kunst/Ældre Møbler/Varia,,,,
O00439,online,Onlineauktion uge 46 2023 – Moderne Kunst/Moderne Møbler/Moderne Design,2023-11-14,,Moderne Kunst/Moderne Møbler/Moderne Design,,,,
O00440,online,Onlineauktion uge 46 2023 – Smykker/Fashion/Ure,2023-11-15,,Smykker/Fashion/Ure,,,,
O00441,online,Onlineauktion uge 47 2023 – Ældre Kunst/Ældre Møbler/Varia,2023-11-20,,Ældre Kunst/Ældre Møbler/Varia,,,,
O00442,online,Onlineauktion uge 47 2023 – Moderne Kunst/Moderne Møbler/Moderne Design,2023-11-21,,Moderne Kunst/Moderne Møbler/Moderne Design,,,,
O00443,online,Onlineauktion uge 47 2023 – Smykker/Fashion/Ure,2023-11-22,,Smykker/Fashion/Ure,,,,
L00468,live,Vintersauktion 2023 – Ældre Møbler/Ældre Kunst,2023-11-27,Vinter,Ældre Møbler/Ældre Kunst,E20234,Vinter 2023,109264,200
O00444,online,Onlineauktion uge 48 2023 – Ældre Kunst/Ældre Møbler/Varia,2023-11-27,,Ældre Kunst/Ældre Møbler/Varia,,,,
L00469,live,Vintersauktion 2023 – Varia/Moderne Design,2023-11-28,Vinter,Varia/Moderne Design,E20234,Vinter 2023,100159,200
O00445,online,Onlineauktion uge 48 2023 – Moderne Kunst/Moderne Møbler/Moderne Design,2023-11-28,,Moderne Kunst/Moderne Møbler/Moderne Design,,,,
L00470,live,Vintersauktion 2023 – Moderne Møbler/Moderne Kunst,2023-11-29,Vinter,Moderne Møbler/Moderne Kunst,E20234,Vinter 2023,61714,200
O00446,online,Onlineauktion uge 48 2023 – Smykker/Fashion/Ure,2023-11-29,,Smykker/Fashion/Ure,,,,
L00471,live,Vintersauktion 2023 – Smykker/Fashion/Ure,2023-11-30,Vinter,Smykker/Fashion/Ure,E20234,Vinter 2023,165920,200
O00447,online,Onlineauktion uge 49 2023 – Ældre Kunst/Ældre Møbler/Varia,2023-12-04,,Ældre Kunst/Ældre Møbler/Varia,,,,
O00448,online,Onlineauktion uge 49 2023 – Moderne Kunst/Moderne Møbler/Moderne Design,2023-12-05,,Moderne Kunst/Moderne Møbler/Moderne Design,,,,
O00449,online,Onlineauktion uge 49 2023 – Smykker/Fashion/Ure,2023-12-06,,Smykker/Fashion/Ure,,,,
O00450,online,Onlineauktion uge 50 2023 – Ældre Kunst/Ældre Møbler/Varia,2023-12-11,,Ældre Kunst/Ældre Møbler/Varia,,,,
O00451,online,Onlineauktion uge 50 2023 – Moderne Kunst/Moderne Møbler/Moderne Design,2023-12-12,,Moderne Kunst/Moderne Møbler/Moderne Design,,,,
O00452,online,Onlineauktion uge 50 2023 – Smykker/Fashion/Ure,2023-12-13,,Smykker/Fashion/Ure,,,,
O00453,online,Onlineauktion uge 51 2023 – Ældre Kunst/Ældre Møbler/Varia,2023-12-18,,Ældre Kunst/Ældre Møbler/Varia,,,,
O00454,online,Onlineauktion uge 51 2023 – Moderne Kunst/Moderne Møbler/Moderne Design,2023-12-19,,Moderne Kunst/Moderne Møbler/Moderne Design,,,,
O00455,online,Onlineauktion uge 51 2023 – Smykker/Fashion/Ure,2023-12-20,,Smykker/Fashion/Ure,,,,
O00472,online,Onlineauktion uge 2 2024 – Ældre Kunst/Ældre Møbler/Varia,2024-01-08,,Ældre Kunst/Ældre Møbler/Varia,,,,
O00473,online,Onlineauktion uge 2 2024 – Moderne Kunst/Moderne Møbler/Moderne Design,2024-01-09,,Moderne Kunst/Moderne Møbler/Moderne Design,,,,
O00474,online,Onlineauktion uge 2 2024 – Smykker/Fashion/Ure,2024-01-10,,Smykker/Fashion/Ure,,,,
O00475,online,Onlineauktion uge 3 2024 – Ældre Kunst/Ældre Møbler/Varia,2024-01-15,,Ældre Kunst/Ældre Møbler/Varia,,,,
O00476,online,Onlineauktion uge 3 2024 – Moderne Kunst/Moderne Møbler/Moderne Design,2024-01-16,,Moderne Kunst/Moderne Møbler/Moderne Design,,,,
O00477,online,Onlineauktion uge 3 2024 – Smykker/Fashion/Ure,2024-01-17,,Smykker/Fashion/Ure,,,,
O00478,online,Onlineauktion uge 4 2024 – Ældre Kunst/Ældre Møbler/Varia,2024-01-22,,Ældre Kunst/Ældre Møbler/Varia,,,,
O00479,online,Onlineauktion uge 4 2024 – Moderne Kunst/Moderne Møbler/Moderne Design,2024-01-23,,Moderne Kunst/Moderne Møbler/Moderne Design,,,,
O00480,online,Onlineauktion uge 4 2024 – Smykker/Fashion/Ure,2024-01-24,,Smykker/Fashion/Ure,,,,
O00481,online,Onlineauktion uge 5 2024 – Ældre Kunst/Ældre Møbler/Varia,2024-01-29,,Ældre Kunst/Ældre Møbler/Varia,,,,
O00482,online,Onlineauktion uge 5 2024 – Moderne Kunst/Moderne Møbler/Moderne Design,2024-01-30,,Moderne Kunst/Moderne Møbler/Moderne Design,,,,
O00483,online,Onlineauktion uge 5 2024 – Smykker/Fashion/Ure,2024-01-31,,Smykker/Fashion/Ure,,,,
O00484,online,Onlineauktion uge 6 2024 – Ældre Kunst/Ældre Møbler/Varia,2024-02-05,,Ældre Kunst/Ældre Møbler/Varia,,,,
O00485,online,Onlineauktion uge 6 2024 – Moderne Kunst/Moderne Møbler/Moderne Design,2024-02-06,,Moderne Kunst/Moderne Møbler/Moderne Design,,,,
O00486,online,Onlineauktion uge 6 2024 – Smykker/Fashion/Ure,2024-02-07,,Smykker/Fashion/Ure,,,,
O00487,online,Onlineauktion uge 7 2024 – Ældre Kunst/Ældre Møbler/Varia,2024-02-12,,Ældre Kunst/Ældre Møbler/Varia,,,,
O00488,online,Onlineauktion uge 7 2024 – Moderne Kunst/Moderne Møbler/Moderne Design,2024-02-13,,Moderne Kunst/Moderne Møbler/Moderne Design,,,,
O00489,online,Onlineauktion uge 7 2024 – Smykker/Fashion/Ure,2024-02-14,,Smykker/Fashion/Ure,,,,
O00490,online,Onlineauktion uge 8 2024 – Ældre Kunst/Ældre Møbler/Varia,2024-02-19,,Ældre Kunst/Ældre Møbler/Varia,,,,
O00491,online,Onlineauktion uge 8 2024 – Moderne Kunst/Moderne Møbler/Moderne Design,2024-02-20,,Moderne Kunst/Moderne Møbler/Moderne Design,,,,
O00492,online,Onlineauktion uge 8 2024 – Smykker/Fashion/Ure,2024-02-21,,Smykker/Fashion/Ure,,,,
O00493,online,Onlineauktion uge 9 2024 – Ældre Kunst/Ældre Møbler/Varia,2024-02-26,,Ældre Kunst/Ældre Møbler/Varia,,,,
O00494,online,Onlineauktion uge 9 2024 – Moderne Kunst/Moderne Møbler/Moderne Design,2024-02-27,,Moderne Kunst/Moderne Møbler/Moderne Design,,,,
O00495,online,Onlineauktion uge 9 2024 – Smykker/Fashion/Ure,2024-02-28,,Smykker/Fashion/Ure,,,,
L00613,live,Forårsauktion 2024 – Ældre Møbler/Ældre Kunst,2024-03-04,Forår,Ældre Møbler/Ældre Kunst,E20241,Forår 2024,107306,200
O00496,online,Onlineauktion uge 10 2024 – Ældre Kunst/Ældre Møbler/Varia,2024-03-04,,Ældre Kunst/Ældre Møbler/Varia,,,,
L00614,live,Forårsauktion 2024 – Varia/Moderne Design,2024-03-05,Forår,Varia/Moderne Design,E20241,Forår 2024,102970,200
O00497,online,Onlineauktion uge 10 2024 – Moderne Kunst/Moderne Møbler/Moderne Design,2024-03-05,,Moderne Kunst/Moderne Møbler/Moderne Design,,,,
L00615,live,Forårsauktion 2024 – Moderne Møbler/Moderne Kunst,2024-03-06,Forår,Moderne Møbler/Moderne Kunst,E20241,Forår 2024,81292,200
O00498,online,Onlineauktion uge 10 2024 – Smykker/Fashion/Ure,2024-03-06,,Smykker/Fashion/Ure,,,,
L00616,live,Forårsauktion 2024 – Smykker/Fashion/Ure,2024-03-07,Forår,Smykker/Fashion/Ure,E20241,Forår 2024,169088,200
O00499,online,Onlineauktion uge 11 2024 – Ældre Kunst/Ældre Møbler/Varia,2024-03-11,,Ældre Kunst/Ældre Møbler/Varia,,,,
O00500,online,Onlineauktion uge 11 2024 – Moderne Kunst/Moderne Møbler/Moderne Design,2024-03-12,,Moderne Kunst/Moderne Møbler/Moderne Design,,,,
O00501,online,Onlineauktion uge 11 2024 – Smykker/Fashion/Ure,2024-03-13,,Smykker/Fashion/Ure,,,,
O00502,online,Onlineauktion uge 12 2024 – Ældre Kunst/Ældre Møbler/Varia,2024-03-18,,Ældre Kunst/Ældre Møbler/Varia,,,,
O00503,online,Onlineauktion uge 12 2024 – Moderne Kunst/Moderne Møbler/Moderne Design,2024-03-19,,Moderne Kunst/Moderne Møbler/Moderne Design,,,,
O00504,online,Onlineauktion uge 12 2024 – Smykker/Fashion/Ure,2024-03-20,,Smykker/Fashion/Ure,,,,
O00505,online,Onlineauktion uge 13 2024 – Ældre Kunst/Ældre Møbler/Varia,2024-03-25,,Ældre Kunst/Ældre Møbler/Varia,,,,
O00506,online,Onlineauktion uge 13 2024 – Moderne Kunst/Moderne Møbler/Moderne Design,2024-03-26,,Moderne Kunst/Moderne Møbler/Moderne Design,,,,
O00507,online,Onlineauktion uge 13 2024 – Smykker/Fashion/Ure,2024-03-27,,Smykker/Fashion/Ure,,,,
O00508,online,Onlineauktion uge 14 2024 – Ældre Kunst/Ældre Møbler/Varia,2024-04-01,,Ældre Kunst/Ældre Møbler/Varia,,,,
O00509,online,Onlineauktion uge 14 2024 – Moderne Kunst/Moderne Møbler/Moderne Design,2024-04-02,,Moderne Kunst/Moderne Møbler/Moderne Design,,,,
O00510,online,Onlineauktion uge 14 2024 – Smykker/Fashion/Ure,2024-04-03,,Smykker/Fashion/Ure,,,,
O00511,online,Onlineauktion uge 15 2024 – Ældre Kunst/Ældre Møbler/Varia,2024-04-08,,Ældre Kunst/Ældre Møbler/Varia,,,,
O00512,online,Onlineauktion uge 15 2024 – Moderne Kunst/Moderne Møbler/Moderne Design,2024-04-09,,Moderne Kunst/Moderne Møbler/Moderne Design,,,,
O00513,online,Onlineauktion uge 15 2024 – Smykker/Fashion/Ure,2024-04-10,,Smykker/Fashion/Ure,,,,
O00514,online,Onlineauktion uge 16 2024 – Ældre Kunst/Ældre Møbler/Varia,2024-04-15,,Ældre Kunst/Ældre Møbler/Varia,,,,
O00515,online,Onlineauktion uge 16 2024 – Moderne Kunst/Moderne Møbler/Moderne Design,2024-04-16,,Moderne Kunst/Moderne Møbler/Moderne Design,,,,
O00516,online,Onlineauktion uge 16 2024 – Smykker/Fashion/Ure,2024-04-17,,Smykker/Fashion/Ure,,,,
O00517,online,Onlineauktion uge 17 2024 – Ældre Kunst/Ældre Møbler/Varia,2024-04-22,,Ældre Kunst/Ældre Møbler/Varia,,,,
O00518,online,Onlineauktion uge 17 2024 – Moderne Kunst/Moderne Møbler/Moderne Design,2024-04-23,,Moderne Kunst/Moderne Møbler/Moderne Design,,,,
O00519,online,Onlineauktion uge 17 2024 – Smykker/Fashion/Ure,2024-04-24,,Smykker/Fashion/Ure,,,,
O00520,online,Onlineauktion uge 18 2024 – Ældre Kunst/Ældre Møbler/Varia,2024-04-29,,Ældre Kunst/Ældre Møbler/Varia,,,,
O00521,online,Onlineauktion uge 18 2024 – Moderne Kunst/Moderne Møbler/Moderne Design,2024-04-30,,Moderne Kunst/Moderne Møbler/Moderne Design,,,,
O00522,online,Onlineauktion uge 18 2024 – Smykker/Fashion/Ure,2024-05-01,,Smykker/Fashion/Ure,,,,
O00523,online,Onlineauktion uge 19 2024 – Ældre Kunst/Ældre Møbler/Varia,2024-05-06,,Ældre Kunst/Ældre Møbler/Varia,,,,
O00524,online,Onlineauktion uge 19 2024 – Moderne Kunst/Moderne Møbler/Moderne Design,2024-05-07,,Moderne Kunst/Moderne Møbler/Moderne Design,,,,
O00525,online,Onlineauktion uge 19 2024 – Smykker/Fashion/Ure,2024-05-08,,Smykker/Fashion/Ure,,,,
O00526,online,Onlineauktion uge 20 2024 – Ældre Kunst/Ældre Møbler/Varia,2024-05-13,,Ældre Kunst/Ældre Møbler/Varia,,,,
O00527,online,Onlineauktion uge 20 2024 – Moderne Kunst/Moderne Møbler/Moderne Design,2024-05-14,,Moderne Kunst/Moderne Møbler/Moderne Design,,,,
O00528,online,Onlineauktion uge 20 2024 – Smykker/Fashion/Ure,2024-05-15,,Smykker/Fashion/Ure,,,,
O00529,online,Onlineauktion uge 21 2024 – Ældre Kunst/Ældre Møbler/Varia,2024-05-20,,Ældre Kunst/Ældre Møbler/Varia,,,,
O00530,online,Onlineauktion uge 21 2024 – Moderne Kunst/Moderne Møbler/Moderne Design,2024-05-21,,Moderne Kunst/Moderne Møbler/Moderne Design,,,,
O00531,online,Onlineauktion uge 21 2024 – Smykker/Fashion/Ure,2024-05-22,,Smykker/Fashion/Ure,,,,
O00532,online,Onlineauktion uge 22 2024 – Ældre Kunst/Ældre Møbler/Varia,2024-05-27,,Ældre Kunst/Ældre Møbler/Varia,,,,
O00533,online,Onlineauktion uge 22 2024 – Moderne Kunst/Moderne Møbler/Moderne Design,2024-05-28,,Moderne Kunst/Moderne Møbler/Moderne Design,,,,
O00534,online,Onlineauktion uge 22 2024 – Smykker/Fashion/Ure,2024-05-29,,Smykker/Fashion/Ure,,,,
L00617,live,Sommersauktion 2024 – Ældre Møbler/Ældre Kunst,2024-06-03,Sommer,Ældre Møbler/Ældre Kunst,E20242,Sommer 2024,111225,200
O00535,online,Onlineauktion uge 23 2024 – Ældre Kunst/Ældre Møbler/Varia,2024-06-03,,Ældre Kunst/Ældre Møbler/Varia,,,,
L00618,live,Sommersauktion 2024 – Varia/Moderne Design,2024-06-04,Sommer,Varia/Moderne Design,E20242,Sommer 2024,88766,200
O00536,online,Onlineauktion uge 23 2024 – Moderne Kunst/Moderne Møbler/Moderne Design,2024-06-04,,Moderne Kunst/Moderne Møbler/Moderne Design,,,,
L00619,live,Sommersauktion 2024 – Moderne Møbler/Moderne Kunst,2024-06-05,Sommer,Moderne Møbler/Moderne Kunst,E20242,Sommer 2024,63099,200
O00537,online,Onlineauktion uge 23 2024 – Smykker/Fashion/Ure,2024-06-05,,Smykker/Fashion/Ure,,,,
L00620,live,Sommersauktion 2024 – Smykker/Fashion/Ure,2024-06-06,Sommer,Smykker/Fashion/Ure,E20242,Sommer 2024,175393,200
O00538,online,Onlineauktion uge 24 2024 – Ældre Kunst/Ældre Møbler/Varia,2024-06-10,,Ældre Kunst/Ældre Møbler/Varia,,,,
O00539,online,Onlineauktion uge 24 2024 – Moderne Kunst/Moderne Møbler/Moderne Design,2024-06-11,,Moderne Kunst/Moderne Møbler/Moderne Design,,,,
O00540,online,Onlineauktion uge 24 2024 – Smykker/Fashion/Ure,2024-06-12,,Smykker/Fashion/Ure,,,,
O00541,online,Onlineauktion uge 25 2024 – Ældre Kunst/Ældre Møbler/Varia,2024-06-17,,Ældre Kunst/Ældre Møbler/Varia,,,,
O00542,online,Onlineauktion uge 25 2024 – Moderne Kunst/Moderne Møbler/Moderne Design,2024-06-18,,Moderne Kunst/Moderne Møbler/Moderne Design,,,,
O00543,online,Onlineauktion uge 25 2024 – Smykker/Fashion/Ure,2024-06-19,,Smykker/Fashion/Ure,,,,
O00544,online,Onlineauktion uge 26 2024 – Ældre Kunst/Ældre Møbler/Varia,2024-06-24,,Ældre Kunst/Ældre Møbler/Varia,,,,
O00545,online,Onlineauktion uge 26 2024 – Moderne Kunst/Moderne Møbler/Moderne Design,2024-06-25,,Moderne Kunst/Moderne Møbler/Moderne Design,,,,
O00546,online,Onlineauktion uge 26 2024 – Smykker/Fashion/Ure,2024-06-26,,Smykker/Fashion/Ure,,,,
O00547,online,Onlineauktion uge 27 2024 – Ældre Kunst/Ældre Møbler/Varia,2024-07-01,,Ældre Kunst/Ældre Møbler/Varia,,,,
O00548,online,Onlineauktion uge 27 2024 – Moderne Kunst/Moderne Møbler/Moderne Design,2024-07-02,,Moderne Kunst/Moderne Møbler/Moderne Design,,,,
O00549,online,Onlineauktion uge 27 2024 – Smykker/Fashion/Ure,2024-07-03,,Smykker/Fashion/Ure,,,,
O00550,online,Onlineauktion uge 31 2024 – Ældre Kunst/Ældre Møbler/Varia,2024-07-29,,Ældre Kunst/Ældre Møbler/Varia,,,,
O00551,online,Onlineauktion uge 31 2024 – Moderne Kunst/Moderne Møbler/Moderne Design,2024-07-30,,Moderne Kunst/Moderne Møbler/Moderne Design,,,,
O00552,online,Onlineauktion uge 31 2024 – Smykker/Fashion/Ure,2024-07-31,,Smykker/Fashion/Ure,,,,
O00553,online,Onlineauktion uge 32 2024 – Ældre Kunst/Ældre Møbler/Varia,2024-08-05,,Ældre Kunst/Ældre Møbler/Varia,,,,
O00554,online,Onlineauktion uge 32 2024 – Moderne Kunst/Moderne Møbler/Moderne Design,2024-08-06,,Moderne Kunst/Moderne Møbler/Moderne Design,,,,
O00555,online,Onlineauktion uge 32 2024 – Smykker/Fashion/Ure,2024-08-07,,Smykker/Fashion/Ure,,,,
O00556,online,Onlineauktion uge 33 2024 – Ældre Kunst/Ældre Møbler/Varia,2024-08-12,,Ældre Kunst/Ældre Møbler/Varia,,,,
O00557,online,Onlineauktion uge 33 2024 – Moderne Kunst/Moderne Møbler/Moderne Design,2024-08-13,,Moderne Kunst/Moderne Møbler/Moderne Design,,,,
O00558,online,Onlineauktion uge 33 2024 – Smykker/Fashion/Ure,2024-08-14,,Smykker/Fashion/Ure,,,,
O00559,online,Onlineauktion uge 34 2024 – Ældre Kunst/Ældre Møbler/Varia,2024-08-19,,Ældre Kunst/Ældre Møbler/Varia,,,,
O00560,online,Onlineauktion uge 34 2024 – Moderne Kunst/Moderne Møbler/Moderne Design,2024-08-20,,Moderne Kunst/Moderne Møbler/Moderne Design,,,,
O00561,online,Onlineauktion uge 34 2024 – Smykker/Fashion/Ure,2024-08-21,,Smykker/Fashion/Ure,,,,
O00562,online,Onlineauktion uge 35 2024 – Ældre Kunst/Ældre Møbler/Varia,2024-08-26,,Ældre Kunst/Ældre Møbler/Varia,,,,
O00563,online,Onlineauktion uge 35 2024 – Moderne Kunst/Moderne Møbler/Moderne Design,2024-08-27,,Moderne Kunst/Moderne Møbler/Moderne Design,,,,
O00564,online,Onlineauktion uge 35 2024 – Smykker/Fashion/Ure,2024-08-28,,Smykker/Fashion/Ure,,,,
O00565,online,Onlineauktion uge 36 2024 – Ældre Kunst/Ældre Møbler/Varia,2024-09-02,,Ældre Kunst/Ældre Møbler/Varia,,,,
O00566,online,Onlineauktion uge 36 2024 – Moderne Kunst/Moderne Møbler/Moderne Design,2024-09-03,,Moderne Kunst/Moderne Møbler/Moderne Design,,,,
O00567,online,Onlineauktion uge 36 2024 – Smykker/Fashion/Ure,2024-09-04,,Smykker/Fashion/Ure,,,,
O00568,online,Onlineauktion uge 37 2024 – Ældre Kunst/Ældre Møbler/Varia,2024-09-09,,Ældre Kunst/Ældre Møbler/Varia,,,,
O00569,online,Onlineauktion uge 37 2024 – Moderne Kunst/Moderne Møbler/Moderne Design,2024-09-10,,Moderne Kunst/Moderne Møbler/Moderne Design,,,,
O00570,online,Onlineauktion uge 37 2024 – Smykker/Fashion/Ure,2024-09-11,,Smykker/Fashion/Ure,,,,
L00621,live,Efterårsauktion 2024 – Ældre Møbler/Ældre Kunst,2024-09-16,Efterår,Ældre Møbler/Ældre Kunst,E20243,Efterår 2024,140659,200
O00571,online,Onlineauktion uge 38 2024 – Ældre Kunst/Ældre Møbler/Varia,2024-09-16,,Ældre Kunst/Ældre Møbler/Varia,,,,
L00622,live,Efterårsauktion 2024 – Varia/Moderne Design,2024-09-17,Efterår,Varia/Moderne Design,E20243,Efterår 2024,103069,200
O00572,online,Onlineauktion uge 38 2024 – Moderne Kunst/Moderne Møbler/Moderne Design,2024-09-17,,Moderne Kunst/Moderne Møbler/Moderne Design,,,,
L00623,live,Efterårsauktion 2024 – Moderne Møbler/Moderne Kunst,2024-09-18,Efterår,Moderne Møbler/Moderne Kunst,E20243,Efterår 2024,87306,200
O00573,online,Onlineauktion uge 38 2024 – Smykker/Fashion/Ure,2024-09-18,,Smykker/Fashion/Ure,,,,
L00624,live,Efterårsauktion 2024 – Smykker/Fashion/Ure,2024-09-19,Efterår,Smykker/Fashion/Ure,E20243,Efterår 2024,187949,200
O00574,online,Onlineauktion uge 39 2024 – Ældre Kunst/Ældre Møbler/Varia,2024-09-23,,Ældre Kunst/Ældre Møbler/Varia,,,,
O00575,online,Onlineauktion uge 39 2024 – Moderne Kunst/Moderne Møbler/Moderne Design,2024-09-24,,Moderne Kunst/Moderne Møbler/Moderne Design,,,,
O00576,online,Onlineauktion uge 39 2024 – Smykker/Fashion/Ure,2024-09-25,,Smykker/Fashion/Ure,,,,
O00577,online,Onlineauktion uge 40 2024 – Ældre Kunst/Ældre Møbler/Varia,2024-09-30,,Ældre Kunst/Ældre Møbler/Varia,,,,
O00578,online,Onlineauktion uge 40 2024 – Moderne Kunst/Moderne Møbler/Moderne Design,2024-10-01,,Moderne Kunst/Moderne Møbler/Moderne Design,,,,
O00579,online,Onlineauktion uge 40 2024 – Smykker/Fashion/Ure,2024-10-02,,Smykker/Fashion/Ure,,,,
O00580,online,Onlineauktion uge 41 2024 – Ældre Kunst/Ældre Møbler/Varia,2024-10-07,,Ældre Kunst/Ældre Møbler/Varia,,,,
O00581,online,Onlineauktion uge 41 2024 – Moderne Kunst/Moderne Møbler/Moderne Design,2024-10-08,,Moderne Kunst/Moderne Møbler/Moderne Design,,,,
O00582,online,Onlineauktion uge 41 2024 – Smykker/Fashion/Ure,2024-10-09,,Smykker/Fashion/Ure,,,,
O00583,online,Onlineauktion uge 42 2024 – Ældre Kunst/Ældre Møbler/Varia,2024-10-14,,Ældre Kunst/Ældre Møbler/Varia,,,,
O00584,online,Onlineauktion uge 42 2024 – Moderne Kunst/Moderne Møbler/Moderne Design,2024-10-15,,Moderne Kunst/Moderne Møbler/Moderne Design,,,,
O00585,online,Onlineauktion uge 42 2024 – Smykker/Fashion/Ure,2024-10-16,,Smykker/Fashion/Ure,,,,
O00586,online,Onlineauktion uge 43 2024 – Ældre Kunst/Ældre Møbler/Varia,2024-10-21,,Ældre Kunst/Ældre Møbler/Varia,,,,
O00587,online,Onlineauktion uge 43 2024 – Moderne Kunst/Moderne Møbler/Moderne Design,2024-10-22,,Moderne Kunst/Moderne Møbler/Moderne Design,,,,
O00588,online,Onlineauktion uge 43 2024 – Smykker/Fashion/Ure,2024-10-23,,Smykker/Fashion/Ure,,,,
O00589,online,Onlineauktion uge 44 2024 – Ældre Kunst/Ældre Møbler/Varia,2024-10-28,,Ældre Kunst/Ældre Møbler/Varia,,,,
O00590,online,Onlineauktion uge 44 2024 – Moderne Kunst/Moderne Møbler/Moderne Design,2024-10-29,,Moderne Kunst/Moderne Møbler/Moderne Design,,,,
O00591,online,Onlineauktion uge 44 2024 – Smykker/Fashion/Ure,2024-10-30,,Smykker/Fashion/Ure,,,,
O00592,online,Onlineauktion uge 45 2024 – Ældre Kunst/Ældre Møbler/Varia,2024-11-04,,Ældre Kunst/Ældre Møbler/Varia,,,,
O00593,online,Onlineauktion uge 45 2024 – Moderne Kunst/Moderne Møbler/Moderne Design,2024-11-05,,Moderne Kunst/Moderne Møbler/Moderne Design,,,,
O00594,online,Onlineauktion uge 45 2024 – Smykker/Fashion/Ure,2024-11-06,,Smykker/Fashion/Ure,,,,
O00595,online,Onlineauktion uge 46 2024 – Ældre Kunst/Ældre Møbler/Varia,2024-11-11,,Ældre Kunst/Ældre Møbler/Varia,,,,
O00596,online,Onlineauktion uge 46 2024 – Moderne Kunst/Moderne Møbler/Moderne Design,2024-11-12,,Moderne Kunst/Moderne Møbler/Moderne Design,,,,
O00597,online,Onlineauktion uge 46 2024 – Smykker/Fashion/Ure,2024-11-13,,Smykker/Fashion/Ure,,,,
O00598,online,Onlineauktion uge 47 2024 – Ældre Kunst/Ældre Møbler/Varia,2024-11-18,,Ældre Kunst/Ældre Møbler/Varia,,,,
O00599,online,Onlineauktion uge 47 2024 – Moderne Kunst/Moderne Møbler/Moderne Design,2024-11-19,,Moderne Kunst/Moderne Møbler/Moderne Design,,,,
O00600,online,Onlineauktion uge 47 2024 – Smykker/Fashion/Ure,2024-11-20,,Smykker/Fashion/Ure,,,,
L00625,live,Vintersauktion 2024 – Ældre Møbler/Ældre Kunst,2024-11-25,Vinter,Ældre Møbler/Ældre Kunst,E20244,Vinter 2024,129056,200
O00601,online,Onlineauktion uge 48 2024 – Ældre Kunst/Ældre Møbler/Varia,2024-11-25,,Ældre Kunst/Ældre Møbler/Varia,,,,
L00626,live,Vintersauktion 2024 – Varia/Moderne Design,2024-11-26,Vinter,Varia/Moderne Design,E20244,Vinter 2024,100515,200
O00602,online,Onlineauktion uge 48 2024 – Moderne Kunst/Moderne Møbler/Moderne Design,2024-11-26,,Moderne Kunst/Moderne Møbler/Moderne Design,,,,
L00627,live,Vintersauktion 2024 – Moderne Møbler/Moderne Kunst,2024-11-27,Vinter,Moderne Møbler/Moderne Kunst,E20244,Vinter 2024,70733,200
O00603,online,Onlineauktion uge 48 2024 – Smykker/Fashion/Ure,2024-11-27,,Smykker/Fashion/Ure,,,,
L00628,live,Vintersauktion 2024 – Smykker/Fashion/Ure,2024-11-28,Vinter,Smykker/Fashion/Ure,E20244,Vinter 2024,161321,200
O00604,online,Onlineauktion uge 49 2024 – Ældre Kunst/Ældre Møbler/Varia,2024-12-02,,Ældre Kunst/Ældre Møbler/Varia,,,,
O00605,online,Onlineauktion uge 49 2024 – Moderne Kunst/Moderne Møbler/Moderne Design,2024-12-03,,Moderne Kunst/Moderne Møbler/Moderne Design,,,,
O00606,online,Onlineauktion uge 49 2024 – Smykker/Fashion/Ure,2024-12-04,,Smykker/Fashion/Ure,,,,
O00607,online,Onlineauktion uge 50 2024 – Ældre Kunst/Ældre Møbler/Varia,2024-12-09,,Ældre Kunst/Ældre Møbler/Varia,,,,
O00608,online,Onlineauktion uge 50 2024 – Moderne Kunst/Moderne Møbler/Moderne Design,2024-12-10,,Moderne Kunst/Moderne Møbler/Moderne Design,,,,
O00609,online,Onlineauktion uge 50 2024 – Smykker/Fashion/Ure,2024-12-11,,Smykker/Fashion/Ure,,,,
O00610,online,Onlineauktion uge 51 2024 – Ældre Kunst/Ældre Møbler/Varia,2024-12-16,,Ældre Kunst/Ældre Møbler/Varia,,,,
O00611,online,Onlineauktion uge 51 2024 – Moderne Kunst/Moderne Møbler/Moderne Design,2024-12-17,,Moderne Kunst/Moderne Møbler/Moderne Design,,,,
O00612,online,Onlineauktion uge 51 2024 – Smykker/Fashion/Ure,2024-12-18,,Smykker/Fashion/Ure,,,,
O00629,online,Onlineauktion uge 2 2025 – Ældre Kunst/Ældre Møbler/Varia,2025-01-06,,Ældre Kunst/Ældre Møbler/Varia,,,,
O00630,online,Onlineauktion uge 2 2025 – Moderne Kunst/Moderne Møbler/Moderne Design,2025-01-07,,Moderne Kunst/Moderne Møbler/Moderne Design,,,,
O00631,online,Onlineauktion uge 2 2025 – Smykker/Fashion/Ure,2025-01-08,,Smykker/Fashion/Ure,,,,
O00632,online,Onlineauktion uge 3 2025 – Ældre Kunst/Ældre Møbler/Varia,2025-01-13,,Ældre Kunst/Ældre Møbler/Varia,,,,
O00633,online,Onlineauktion uge 3 2025 – Moderne Kunst/Moderne Møbler/Moderne Design,2025-01-14,,Moderne Kunst/Moderne Møbler/Moderne Design,,,,
O00634,online,Onlineauktion uge 3 2025 – Smykker/Fashion/Ure,2025-01-15,,Smykker/Fashion/Ure,,,,
O00635,online,Onlineauktion uge 4 2025 – Ældre Kunst/Ældre Møbler/Varia,2025-01-20,,Ældre Kunst/Ældre Møbler/Varia,,,,
O00636,online,Onlineauktion uge 4 2025 – Moderne Kunst/Moderne Møbler/Moderne Design,2025-01-21,,Moderne Kunst/Moderne Møbler/Moderne Design,,,,
O00637,online,Onlineauktion uge 4 2025 – Smykker/Fashion/Ure,2025-01-22,,Smykker/Fashion/Ure,,,,
O00638,online,Onlineauktion uge 5 2025 – Ældre Kunst/Ældre Møbler/Varia,2025-01-27,,Ældre Kunst/Ældre Møbler/Varia,,,,
O00639,online,Onlineauktion uge 5 2025 – Moderne Kunst/Moderne Møbler/Moderne Design,2025-01-28,,Moderne Kunst/Moderne Møbler/Moderne Design,,,,
O00640,online,Onlineauktion uge 5 2025 – Smykker/Fashion/Ure,2025-01-29,,Smykker/Fashion/Ure,,,,
O00641,online,Onlineauktion uge 6 2025 – Ældre Kunst/Ældre Møbler/Varia,2025-02-03,,Ældre Kunst/Ældre Møbler/Varia,,,,
O00642,online,Onlineauktion uge 6 2025 – Moderne Kunst/Moderne Møbler/Moderne Design,2025-02-04,,Moderne Kunst/Moderne Møbler/Moderne Design,,,,
O00643,online,Onlineauktion uge 6 2025 – Smykker/Fashion/Ure,2025-02-05,,Smykker/Fashion/Ure,,,,
O00644,online,Onlineauktion uge 7 2025 – Ældre Kunst/Ældre Møbler/Varia,2025-02-10,,Ældre Kunst/Ældre Møbler/Varia,,,,
O00645,online,Onlineauktion uge 7 2025 – Moderne Kunst/Moderne Møbler/Moderne Design,2025-02-11,,Moderne Kunst/Moderne Møbler/Moderne Design,,,,
O00646,online,Onlineauktion uge 7 2025 – Smykker/Fashion/Ure,2025-02-12,,Smykker/Fashion/Ure,,,,
O00647,online,Onlineauktion uge 8 2025 – Ældre Kunst/Ældre Møbler/Varia,2025-02-17,,Ældre Kunst/Ældre Møbler/Varia,,,,
O00648,online,Onlineauktion uge 8 2025 – Moderne Kunst/Moderne Møbler/Moderne Design,2025-02-18,,Moderne Kunst/Moderne Møbler/Moderne Design,,,,
O00649,online,Onlineauktion uge 8 2025 – Smykker/Fashion/Ure,2025-02-19,,Smykker/Fashion/Ure,,,,
O00650,online,Onlineauktion uge 9 2025 – Ældre Kunst/Ældre Møbler/Varia,2025-02-24,,Ældre Kunst/Ældre Møbler/Varia,,,,
O00651,online,Onlineauktion uge 9 2025 – Moderne Kunst/Moderne Møbler/Moderne Design,2025-02-25,,Moderne Kunst/Moderne Møbler/Moderne Design,,,,
O00652,online,Onlineauktion uge 9 2025 – Smykker/Fashion/Ure,2025-02-26,,Smykker/Fashion/Ure,,,,
O00653,online,Onlineauktion uge 10 2025 – Ældre Kunst/Ældre Møbler/Varia,2025-03-03,,Ældre Kunst/Ældre Møbler/Varia,,,,
O00654,online,Onlineauktion uge 10 2025 – Moderne Kunst/Moderne Møbler/Moderne Design,2025-03-04,,Moderne Kunst/Moderne Møbler/Moderne Design,,,,
O00655,online,Onlineauktion uge 10 2025 – Smykker/Fashion/Ure,2025-03-05,,Smykker/Fashion/Ure,,,,
L00770,live,Forårsauktion 2025 – Ældre Møbler/Ældre Kunst,2025-03-10,Forår,Ældre Møbler/Ældre Kunst,E20251,Forår 2025,104548,200
O00656,online,Onlineauktion uge 11 2025 – Ældre Kunst/Ældre Møbler/Varia,2025-03-10,,Ældre Kunst/Ældre Møbler/Varia,,,,
L00771,live,Forårsauktion 2025 – Varia/Moderne Design,2025-03-11,Forår,Varia/Moderne Design,E20251,Forår 2025,101347,200
O00657,online,Onlineauktion uge 11 2025 – Moderne Kunst/Moderne Møbler/Moderne Design,2025-03-11,,Moderne Kunst/Moderne Møbler/Moderne Design,,,,
L00772,live,Forårsauktion 2025 – Moderne Møbler/Moderne Kunst,2025-03-12,Forår,Moderne Møbler/Moderne Kunst,E20251,Forår 2025,80011,200
O00658,online,Onlineauktion uge 11 2025 – Smykker/Fashion/Ure,2025-03-12,,Smykker/Fashion/Ure,,,,
L00773,live,Forårsauktion 2025 – Smykker/Fashion/Ure,2025-03-13,Forår,Smykker/Fashion/Ure,E20251,Forår 2025,177091,200
O00659,online,Onlineauktion uge 12 2025 – Ældre Kunst/Ældre Møbler/Varia,2025-03-17,,Ældre Kunst/Ældre Møbler/Varia,,,,
O00660,online,Onlineauktion uge 12 2025 – Moderne Kunst/Moderne Møbler/Moderne Design,2025-03-18,,Moderne Kunst/Moderne Møbler/Moderne Design,,,,
O00661,online,Onlineauktion uge 12 2025 – Smykker/Fashion/Ure,2025-03-19,,Smykker/Fashion/Ure,,,,
O00662,online,Onlineauktion uge 13 2025 – Ældre Kunst/Ældre Møbler/Varia,2025-03-24,,Ældre Kunst/Ældre Møbler/Varia,,,,
O00663,online,Onlineauktion uge 13 2025 – Moderne Kunst/Moderne Møbler/Moderne Design,2025-03-25,,Moderne Kunst/Moderne Møbler/Moderne Design,,,,
O00664,online,Onlineauktion uge 13 2025 – Smykker/Fashion/Ure,2025-03-26,,Smykker/Fashion/Ure,,,,
O00665,online,Onlineauktion uge 14 2025 – Ældre Kunst/Ældre Møbler/Varia,2025-03-31,,Ældre Kunst/Ældre Møbler/Varia,,,,
O00666,online,Onlineauktion uge 14 2025 – Moderne Kunst/Moderne Møbler/Moderne Design,2025-04-01,,Moderne Kunst/Moderne Møbler/Moderne Design,,,,
O00667,online,Onlineauktion uge 14 2025 – Smykker/Fashion/Ure,2025-04-02,,Smykker/Fashion/Ure,,,,
O00668,online,Onlineauktion uge 15 2025 – Ældre Kunst/Ældre Møbler/Varia,2025-04-07,,Ældre Kunst/Ældre Møbler/Varia,,,,
O00669,online,Onlineauktion uge 15 2025 – Moderne Kunst/Moderne Møbler/Moderne Design,2025-04-08,,Moderne Kunst/Moderne Møbler/Moderne Design,,,,
O00670,online,Onlineauktion uge 15 2025 – Smykker/Fashion/Ure,2025-04-09,,Smykker/Fashion/Ure,,,,
O00671,online,Onlineauktion uge 16 2025 – Ældre Kunst/Ældre Møbler/Varia,2025-04-14,,Ældre Kunst/Ældre Møbler/Varia,,,,
O00672,online,Onlineauktion uge 16 2025 – Moderne Kunst/Moderne Møbler/Moderne Design,2025-04-15,,Moderne Kunst/Moderne Møbler/Moderne Design,,,,
O00673,online,Onlineauktion uge 16 2025 – Smykker/Fashion/Ure,2025-04-16,,Smykker/Fashion/Ure,,,,
O00674,online,Onlineauktion uge 17 2025 – Ældre Kunst/Ældre Møbler/Varia,2025-04-21,,Ældre Kunst/Ældre Møbler/Varia,,,,
O00675,online,Onlineauktion uge 17 2025 – Moderne Kunst/Moderne Møbler/Moderne Design,2025-04-22,,Moderne Kunst/Moderne Møbler/Moderne Design,,,,
O00676,online,Onlineauktion uge 17 2025 – Smykker/Fashion/Ure,2025-04-23,,Smykker/Fashion/Ure,,,,
O00677,online,Onlineauktion uge 18 2025 – Ældre Kunst/Ældre Møbler/Varia,2025-04-28,,Ældre Kunst/Ældre Møbler/Varia,,,,
O00678,online,Onlineauktion uge 18 2025 – Moderne Kunst/Moderne Møbler/Moderne Design,2025-04-29,,Moderne Kunst/Moderne Møbler/Moderne Design,,,,
O00679,online,Onlineauktion uge 18 2025 – Smykker/Fashion/Ure,2025-04-30,,Smykker/Fashion/Ure,,,,
O00680,online,Onlineauktion uge 19 2025 – Ældre Kunst/Ældre Møbler/Varia,2025-05-05,,Ældre Kunst/Ældre Møbler/Varia,,,,
O00681,online,Onlineauktion uge 19 2025 – Moderne Kunst/Moderne Møbler/Moderne Design,2025-05-06,,Moderne Kunst/Moderne Møbler/Moderne Design,,,,
O00682,online,Onlineauktion uge 19 2025 – Smykker/Fashion/Ure,2025-05-07,,Smykker/Fashion/Ure,,,,
O00683,online,Onlineauktion uge 20 2025 – Ældre Kunst/Ældre Møbler/Varia,2025-05-12,,Ældre Kunst/Ældre Møbler/Varia,,,,
O00684,online,Onlineauktion uge 20 2025 – Moderne Kunst/Moderne Møbler/Moderne Design,2025-05-13,,Moderne Kunst/Moderne Møbler/Moderne Design,,,,
O00685,online,Onlineauktion uge 20 2025 – Smykker/Fashion/Ure,2025-05-14,,Smykker/Fashion/Ure,,,,
O00686,online,Onlineauktion uge 21 2025 – Ældre Kunst/Ældre Møbler/Varia,2025-05-19,,Ældre Kunst/Ældre Møbler/Varia,,,,
O00687,online,Onlineauktion uge 21 2025 – Moderne Kunst/Moderne Møbler/Moderne Design,2025-05-20,,Moderne Kunst/Moderne Møbler/Moderne Design,,,,
O00688,online,Onlineauktion uge 21 2025 – Smykker/Fashion/Ure,2025-05-21,,Smykker/Fashion/Ure,,,,
O00689,online,Onlineauktion uge 22 2025 – Ældre Kunst/Ældre Møbler/Varia,2025-05-26,,Ældre Kunst/Ældre Møbler/Varia,,,,
O00690,online,Onlineauktion uge 22 2025 – Moderne Kunst/Moderne Møbler/Moderne Design,2025-05-27,,Moderne Kunst/Moderne Møbler/Moderne Design,,,,
O00691,online,Onlineauktion uge 22 2025 – Smykker/Fashion/Ure,2025-05-28,,Smykker/Fashion/Ure,,,,
L00774,live,Sommersauktion 2025 – Ældre Møbler/Ældre Kunst,2025-06-02,Sommer,Ældre Møbler/Ældre Kunst,E20252,Sommer 2025,132325,200
O00692,online,Onlineauktion uge 23 2025 – Ældre Kunst/Ældre Møbler/Varia,2025-06-02,,Ældre Kunst/Ældre Møbler/Varia,,,,
L00775,live,Sommersauktion 2025 – Varia/Moderne Design,2025-06-03,Sommer,Varia/Moderne Design,E20252,Sommer 2025,103970,200
O00693,online,Onlineauktion uge 23 2025 – Moderne Kunst/Moderne Møbler/Moderne Design,2025-06-03,,Moderne Kunst/Moderne Møbler/Moderne Design,,,,
L00776,live,Sommersauktion 2025 – Moderne Møbler/Moderne Kunst,2025-06-04,Sommer,Moderne Møbler/Moderne Kunst,E20252,Sommer 2025,82366,200
O00694,online,Onlineauktion uge 23 2025 – Smykker/Fashion/Ure,2025-06-04,,Smykker/Fashion/Ure,,,,
L00777,live,Sommersauktion 2025 – Smykker/Fashion/Ure,2025-06-05,Sommer,Smykker/Fashion/Ure,E20252,Sommer 2025,201189,200
O00695,online,Onlineauktion uge 24 2025 – Ældre Kunst/Ældre Møbler/Varia,2025-06-09,,Ældre Kunst/Ældre Møbler/Varia,,,,
O00696,online,Onlineauktion uge 24 2025 – Moderne Kunst/Moderne Møbler/Moderne Design,2025-06-10,,Moderne Kunst/Moderne Møbler/Moderne Design,,,,
O00697,online,Onlineauktion uge 24 2025 – Smykker/Fashion/Ure,2025-06-11,,Smykker/Fashion/Ure,,,,
O00698,online,Onlineauktion uge 25 2025 – Ældre Kunst/Ældre Møbler/Varia,2025-06-16,,Ældre Kunst/Ældre Møbler/Varia,,,,
O00699,online,Onlineauktion uge 25 2025 – Moderne Kunst/Moderne Møbler/Moderne Design,2025-06-17,,Moderne Kunst/Moderne Møbler/Moderne Design,,,,
O00700,online,Onlineauktion uge 25 2025 – Smykker/Fashion/Ure,2025-06-18,,Smykker/Fashion/Ure,,,,
O00701,online,Onlineauktion uge 26 2025 – Ældre Kunst/Ældre Møbler/Varia,2025-06-23,,Ældre Kunst/Ældre Møbler/Varia,,,,
O00702,online,Onlineauktion uge 26 2025 – Moderne Kunst/Moderne Møbler/Moderne Design,2025-06-24,,Moderne Kunst/Moderne Møbler/Moderne Design,,,,
O00703,online,Onlineauktion uge 26 2025 – Smykker/Fashion/Ure,2025-06-25,,Smykker/Fashion/Ure,,,,
O00704,online,Onlineauktion uge 27 2025 – Ældre Kunst/Ældre Møbler/Varia,2025-06-30,,Ældre Kunst/Ældre Møbler/Varia,,,,
O00705,online,Onlineauktion uge 27 2025 – Moderne Kunst/Moderne Møbler/Moderne Design,2025-07-01,,Moderne Kunst/Moderne Møbler/Moderne Design,,,,
O00706,online,Onlineauktion uge 27 2025 – Smykker/Fashion/Ure,2025-07-02,,Smykker/Fashion/Ure,,,,
O00707,online,Onlineauktion uge 31 2025 – Ældre Kunst/Ældre Møbler/Varia,2025-07-28,,Ældre Kunst/Ældre Møbler/Varia,,,,
O00708,online,Onlineauktion uge 31 2025 – Moderne Kunst/Moderne Møbler/Moderne Design,2025-07-29,,Moderne Kunst/Moderne Møbler/Moderne Design,,,,
O00709,online,Onlineauktion uge 31 2025 – Smykker/Fashion/Ure,2025-07-30,,Smykker/Fashion/Ure,,,,
O00710,online,Onlineauktion uge 32 2025 – Ældre Kunst/Ældre Møbler/Varia,2025-08-04,,Ældre Kunst/Ældre Møbler/Varia,,,,
O00711,online,Onlineauktion uge 32 2025 – Moderne Kunst/Moderne Møbler/Moderne Design,2025-08-05,,Moderne Kunst/Moderne Møbler/Moderne Design,,,,
O00712,online,Onlineauktion uge 32 2025 – Smykker/Fashion/Ure,2025-08-06,,Smykker/Fashion/Ure,,,,
O00713,online,Onlineauktion uge 33 2025 – Ældre Kunst/Ældre Møbler/Varia,2025-08-11,,Ældre Kunst/Ældre Møbler/Varia,,,,
O00714,online,Onlineauktion uge 33 2025 – Moderne Kunst/Moderne Møbler/Moderne Design,2025-08-12,,Moderne Kunst/Moderne Møbler/Moderne Design,,,,
O00715,online,Onlineauktion uge 33 2025 – Smykker/Fashion/Ure,2025-08-13,,Smykker/Fashion/Ure,,,,
O00716,online,Onlineauktion uge 34 2025 – Ældre Kunst/Ældre Møbler/Varia,2025-08-18,,Ældre Kunst/Ældre Møbler/Varia,,,,
O00717,online,Onlineauktion uge 34 2025 – Moderne Kunst/Moderne Møbler/Moderne Design,2025-08-19,,Moderne Kunst/Moderne Møbler/Moderne Design,,,,
O00718,online,Onlineauktion uge 34 2025 – Smykker/Fashion/Ure,2025-08-20,,Smykker/Fashion/Ure,,,,
O00719,online,Onlineauktion uge 35 2025 – Ældre Kunst/Ældre Møbler/Varia,2025-08-25,,Ældre Kunst/Ældre Møbler/Varia,,,,
O00720,online,Onlineauktion uge 35 2025 – Moderne Kunst/Moderne Møbler/Moderne Design,2025-08-26,,Moderne Kunst/Moderne Møbler/Moderne Design,,,,
O00721,online,Onlineauktion uge 35 2025 – Smykker/Fashion/Ure,2025-08-27,,Smykker/Fashion/Ure,,,,
O00722,online,Onlineauktion uge 36 2025 – Ældre Kunst/Ældre Møbler/Varia,2025-09-01,,Ældre Kunst/Ældre Møbler/Varia,,,,
O00723,online,Onlineauktion uge 36 2025 – Moderne Kunst/Moderne Møbler/Moderne Design,2025-09-02,,Moderne Kunst/Moderne Møbler/Moderne Design,,,,
O00724,online,Onlineauktion uge 36 2025 – Smykker/Fashion/Ure,2025-09-03,,Smykker/Fashion/Ure,,,,
O00725,online,Onlineauktion uge 37 2025 – Ældre Kunst/Ældre Møbler/Varia,2025-09-08,,Ældre Kunst/Ældre Møbler/Varia,,,,
O00726,online,Onlineauktion uge 37 2025 – Moderne Kunst/Moderne Møbler/Moderne Design,2025-09-09,,Moderne Kunst/Moderne Møbler/Moderne Design,,,,
O00727,online,Onlineauktion uge 37 2025 – Smykker/Fashion/Ure,2025-09-10,,Smykker/Fashion/Ure,,,,
L00778,live,Efterårsauktion 2025 – Ældre Møbler/Ældre Kunst,2025-09-15,Efterår,Ældre Møbler/Ældre Kunst,E20253,Efterår 2025,116169,200
O00728,online,Onlineauktion uge 38 2025 – Ældre Kunst/Ældre Møbler/Varia,2025-09-15,,Ældre Kunst/Ældre Møbler/Varia,,,,
L00779,live,Efterårsauktion 2025 – Varia/Moderne Design,2025-09-16,Efterår,Varia/Moderne Design,E20253,Efterår 2025,113869,200
O00729,online,Onlineauktion uge 38 2025 – Moderne Kunst/Moderne Møbler/Moderne Design,2025-09-16,,Moderne Kunst/Moderne Møbler/Moderne Design,,,,
L00780,live,Efterårsauktion 2025 – Moderne Møbler/Moderne Kunst,2025-09-17,Efterår,Moderne Møbler/Moderne Kunst,E20253,Efterår 2025,86264,200
O00730,online,Onlineauktion uge 38 2025 – Smykker/Fashion/Ure,2025-09-17,,Smykker/Fashion/Ure,,,,
L00781,live,Efterårsauktion 2025 – Smykker/Fashion/Ure,2025-09-18,Efterår,Smykker/Fashion/Ure,E20253,Efterår 2025,178280,200
O00731,online,Onlineauktion uge 39 2025 – Ældre Kunst/Ældre Møbler/Varia,2025-09-22,,Ældre Kunst/Ældre Møbler/Varia,,,,
O00732,online,Onlineauktion uge 39 2025 – Moderne Kunst/Moderne Møbler/Moderne Design,2025-09-23,,Moderne Kunst/Moderne Møbler/Moderne Design,,,,
O00733,online,Onlineauktion uge 39 2025 – Smykker/Fashion/Ure,2025-09-24,,Smykker/Fashion/Ure,,,,
O00734,online,Onlineauktion uge 40 2025 – Ældre Kunst/Ældre Møbler/Varia,2025-09-29,,Ældre Kunst/Ældre Møbler/Varia,,,,
O00735,online,Onlineauktion uge 40 2025 – Moderne Kunst/Moderne Møbler/Moderne Design,2025-09-30,,Moderne Kunst/Moderne Møbler/Moderne Design,,,,
O00736,online,Onlineauktion uge 40 2025 – Smykker/Fashion/Ure,2025-10-01,,Smykker/Fashion/Ure,,,,
O00737,online,Onlineauktion uge 41 2025 – Ældre Kunst/Ældre Møbler/Varia,2025-10-06,,Ældre Kunst/Ældre Møbler/Varia,,,,
O00738,online,Onlineauktion uge 41 2025 – Moderne Kunst/Moderne Møbler/Moderne Design,2025-10-07,,Moderne Kunst/Moderne Møbler/Moderne Design,,,,
O00739,online,Onlineauktion uge 41 2025 – Smykker/Fashion/Ure,2025-10-08,,Smykker/Fashion/Ure,,,,
O00740,online,Onlineauktion uge 42 2025 – Ældre Kunst/Ældre Møbler/Varia,2025-10-13,,Ældre Kunst/Ældre Møbler/Varia,,,,
O00741,online,Onlineauktion uge 42 2025 – Moderne Kunst/Moderne Møbler/Moderne Design,2025-10-14,,Moderne Kunst/Moderne Møbler/Moderne Design,,,,
O00742,online,Onlineauktion uge 42 2025 – Smykker/Fashion/Ure,2025-10-15,,Smykker/Fashion/Ure,,,,
O00743,online,Onlineauktion uge 43 2025 – Ældre Kunst/Ældre Møbler/Varia,2025-10-20,,Ældre Kunst/Ældre Møbler/Varia,,,,
O00744,online,Onlineauktion uge 43 2025 – Moderne Kunst/Moderne Møbler/Moderne Design,2025-10-21,,Moderne Kunst/Moderne Møbler/Moderne Design,,,,
O00745,online,Onlineauktion uge 43 2025 – Smykker/Fashion/Ure,2025-10-22,,Smykker/Fashion/Ure,,,,
O00746,online,Onlineauktion uge 44 2025 – Ældre Kunst/Ældre Møbler/Varia,2025-10-27,,Ældre Kunst/Ældre Møbler/Varia,,,,
O00747,online,Onlineauktion uge 44 2025 – Moderne Kunst/Moderne Møbler/Moderne Design,2025-10-28,,Moderne Kunst/Moderne Møbler/Moderne Design,,,,
O00748,online,Onlineauktion uge 44 2025 – Smykker/Fashion/Ure,2025-10-29,,Smykker/Fashion/Ure,,,,
O00749,online,Onlineauktion uge 45 2025 – Ældre Kunst/Ældre Møbler/Varia,2025-11-03,,Ældre Kunst/Ældre Møbler/Varia,,,,
O00750,online,Onlineauktion uge 45 2025 – Moderne Kunst/Moderne Møbler/Moderne Design,2025-11-04,,Moderne Kunst/Moderne Møbler/Moderne Design,,,,
O00751,online,Onlineauktion uge 45 2025 – Smykker/Fashion/Ure,2025-11-05,,Smykker/Fashion/Ure,,,,
O00752,online,Onlineauktion uge 46 2025 – Ældre Kunst/Ældre Møbler/Varia,2025-11-10,,Ældre Kunst/Ældre Møbler/Varia,,,,
O00753,online,Onlineauktion uge 46 2025 – Moderne Kunst/Moderne Møbler/Moderne Design,2025-11-11,,Moderne Kunst/Moderne Møbler/Moderne Design,,,,
O00754,online,Onlineauktion uge 46 2025 – Smykker/Fashion/Ure,2025-11-12,,Smykker/Fashion/Ure,,,,
O00755,online,Onlineauktion uge 47 2025 – Ældre Kunst/Ældre Møbler/Varia,2025-11-17,,Ældre Kunst/Ældre Møbler/Varia,,,,
O00756,online,Onlineauktion uge 47 2025 – Moderne Kunst/Moderne Møbler/Moderne Design,2025-11-18,,Moderne Kunst/Moderne Møbler/Moderne Design,,,,
O00757,online,Onlineauktion uge 47 2025 – Smykker/Fashion/Ure,2025-11-19,,Smykker/Fashion/Ure,,,,
L00782,live,Vintersauktion 2025 – Ældre Møbler/Ældre Kunst,2025-11-24,Vinter,Ældre Møbler/Ældre Kunst,E20254,Vinter 2025,111690,200
O00758,online,Onlineauktion uge 48 2025 – Ældre Kunst/Ældre Møbler/Varia,2025-11-24,,Ældre Kunst/Ældre Møbler/Varia,,,,
L00783,live,Vintersauktion 2025 – Varia/Moderne Design,2025-11-25,Vinter,Varia/Moderne Design,E20254,Vinter 2025,108529,200
O00759,online,Onlineauktion uge 48 2025 – Moderne Kunst/Moderne Møbler/Moderne Design,2025-11-25,,Moderne Kunst/Moderne Møbler/Moderne Design,,,,
L00784,live,Vintersauktion 2025 – Moderne Møbler/Moderne Kunst,2025-11-26,Vinter,Moderne Møbler/Moderne Kunst,E20254,Vinter 2025,87456,200
O00760,online,Onlineauktion uge 48 2025 – Smykker/Fashion/Ure,2025-11-26,,Smykker/Fashion/Ure,,,,
L00785,live,Vintersauktion 2025 – Smykker/Fashion/Ure,2025-11-27,Vinter,Smykker/Fashion/Ure,E20254,Vinter 2025,181234,200
O00761,online,Onlineauktion uge 49 2025 – Ældre Kunst/Ældre Møbler/Varia,2025-12-01,,Ældre Kunst/Ældre Møbler/Varia,,,,
O00762,online,Onlineauktion uge 49 2025 – Moderne Kunst/Moderne Møbler/Moderne Design,2025-12-02,,Moderne Kunst/Moderne Møbler/Moderne Design,,,,
O00763,online,Onlineauktion uge 49 2025 – Smykker/Fashion/Ure,2025-12-03,,Smykker/Fashion/Ure,,,,
O00764,online,Onlineauktion uge 50 2025 – Ældre Kunst/Ældre Møbler/Varia,2025-12-08,,Ældre Kunst/Ældre Møbler/Varia,,,,
O00765,online,Onlineauktion uge 50 2025 – Moderne Kunst/Moderne Møbler/Moderne Design,2025-12-09,,Moderne Kunst/Moderne Møbler/Moderne Design,,,,
O00766,online,Onlineauktion uge 50 2025 – Smykker/Fashion/Ure,2025-12-10,,Smykker/Fashion/Ure,,,,
O00767,online,Onlineauktion uge 51 2025 – Ældre Kunst/Ældre Møbler/Varia,2025-12-15,,Ældre Kunst/Ældre Møbler/Varia,,,,
O00768,online,Onlineauktion uge 51 2025 – Moderne Kunst/Moderne Møbler/Moderne Design,2025-12-16,,Moderne Kunst/Moderne Møbler/Moderne Design,,,,
O00769,online,Onlineauktion uge 51 2025 – Smykker/Fashion/Ure,2025-12-17,,Smykker/Fashion/Ure,,,,
O00786,online,Onlineauktion uge 2 2026 – Ældre Kunst/Ældre Møbler/Varia,2026-01-05,,Ældre Kunst/Ældre Møbler/Varia,,,,
O00787,online,Onlineauktion uge 2 2026 – Moderne Kunst/Moderne Møbler/Moderne Design,2026-01-06,,Moderne Kunst/Moderne Møbler/Moderne Design,,,,
O00788,online,Onlineauktion uge 2 2026 – Smykker/Fashion/Ure,2026-01-07,,Smykker/Fashion/Ure,,,,
O00789,online,Onlineauktion uge 3 2026 – Ældre Kunst/Ældre Møbler/Varia,2026-01-12,,Ældre Kunst/Ældre Møbler/Varia,,,,
O00790,online,Onlineauktion uge 3 2026 – Moderne Kunst/Moderne Møbler/Moderne Design,2026-01-13,,Moderne Kunst/Moderne Møbler/Moderne Design,,,,
O00791,online,Onlineauktion uge 3 2026 – Smykker/Fashion/Ure,2026-01-14,,Smykker/Fashion/Ure,,,,
O00792,online,Onlineauktion uge 4 2026 – Ældre Kunst/Ældre Møbler/Varia,2026-01-19,,Ældre Kunst/Ældre Møbler/Varia,,,,
O00793,online,Onlineauktion uge 4 2026 – Moderne Kunst/Moderne Møbler/Moderne Design,2026-01-20,,Moderne Kunst/Moderne Møbler/Moderne Design,,,,
O00794,online,Onlineauktion uge 4 2026 – Smykker/Fashion/Ure,2026-01-21,,Smykker/Fashion/Ure,,,,
O00795,online,Onlineauktion uge 5 2026 – Ældre Kunst/Ældre Møbler/Varia,2026-01-26,,Ældre Kunst/Ældre Møbler/Varia,,,,
O00796,online,Onlineauktion uge 5 2026 – Moderne Kunst/Moderne Møbler/Moderne Design,2026-01-27,,Moderne Kunst/Moderne Møbler/Moderne Design,,,,
O00797,online,Onlineauktion uge 5 2026 – Smykker/Fashion/Ure,2026-01-28,,Smykker/Fashion/Ure,,,,
O00798,online,Onlineauktion uge 6 2026 – Ældre Kunst/Ældre Møbler/Varia,2026-02-02,,Ældre Kunst/Ældre Møbler/Varia,,,,
O00799,online,Onlineauktion uge 6 2026 – Moderne Kunst/Moderne Møbler/Moderne Design,2026-02-03,,Moderne Kunst/Moderne Møbler/Moderne Design,,,,
O00800,online,Onlineauktion uge 6 2026 – Smykker/Fashion/Ure,2026-02-04,,Smykker/Fashion/Ure,,,,
O00801,online,Onlineauktion uge 7 2026 – Ældre Kunst/Ældre Møbler/Varia,2026-02-09,,Ældre Kunst/Ældre Møbler/Varia,,,,
O00802,online,Onlineauktion uge 7 2026 – Moderne Kunst/Moderne Møbler/Moderne Design,2026-02-10,,Moderne Kunst/Moderne Møbler/Moderne Design,,,,
O00803,online,Onlineauktion uge 7 2026 – Smykker/Fashion/Ure,2026-02-11,,Smykker/Fashion/Ure,,,,
O00804,online,Onlineauktion uge 8 2026 – Ældre Kunst/Ældre Møbler/Varia,2026-02-16,,Ældre Kunst/Ældre Møbler/Varia,,,,
O00805,online,Onlineauktion uge 8 2026 – Moderne Kunst/Moderne Møbler/Moderne Design,2026-02-17,,Moderne Kunst/Moderne Møbler/Moderne Design,,,,
O00806,online,Onlineauktion uge 8 2026 – Smykker/Fashion/Ure,2026-02-18,,Smykker/Fashion/Ure,,,,
O00807,online,Onlineauktion uge 9 2026 – Ældre Kunst/Ældre Møbler/Varia,2026-02-23,,Ældre Kunst/Ældre Møbler/Varia,,,,
O00808,online,Onlineauktion uge 9 2026 – Moderne Kunst/Moderne Møbler/Moderne Design,2026-02-24,,Moderne Kunst/Moderne Møbler/Moderne Design,,,,
O00809,online,Onlineauktion uge 9 2026 – Smykker/Fashion/Ure,2026-02-25,,Smykker/Fashion/Ure,,,,
O00810,online,Onlineauktion uge 10 2026 – Ældre Kunst/Ældre Møbler/Varia,2026-03-02,,Ældre Kunst/Ældre Møbler/Varia,,,,
O00811,online,Onlineauktion uge 10 2026 – Moderne Kunst/Moderne Møbler/Moderne Design,2026-03-03,,Moderne Kunst/Moderne Møbler/Moderne Design,,,,
O00812,online,Onlineauktion uge 10 2026 – Smykker/Fashion/Ure,2026-03-04,,Smykker/Fashion/Ure,,,,
L00867,live,Forårsauktion 2026 – Ældre Møbler/Ældre Kunst,2026-03-09,Forår,Ældre Møbler/Ældre Kunst,E20261,Forår 2026,132323,200
O00813,online,Onlineauktion uge 11 2026 – Ældre Kunst/Ældre Møbler/Varia,2026-03-09,,Ældre Kunst/Ældre Møbler/Varia,,,,
L00868,live,Forårsauktion 2026 – Varia/Moderne Design,2026-03-10,Forår,Varia/Moderne Design,E20261,Forår 2026,109673,200
O00814,online,Onlineauktion uge 11 2026 – Moderne Kunst/Moderne Møbler/Moderne Design,2026-03-10,,Moderne Kunst/Moderne Møbler/Moderne Design,,,,
L00869,live,Forårsauktion 2026 – Moderne Møbler/Moderne Kunst,2026-03-11,Forår,Moderne Møbler/Moderne Kunst,E20261,Forår 2026,92984,200
O00815,online,Onlineauktion uge 11 2026 – Smykker/Fashion/Ure,2026-03-11,,Smykker/Fashion/Ure,,,,
L00870,live,Forårsauktion 2026 – Smykker/Fashion/Ure,2026-03-12,Forår,Smykker/Fashion/Ure,E20261,Forår 2026,177623,200
O00816,online,Onlineauktion uge 12 2026 – Ældre Kunst/Ældre Møbler/Varia,2026-03-16,,Ældre Kunst/Ældre Møbler/Varia,,,,
O00817,online,Onlineauktion uge 12 2026 – Moderne Kunst/Moderne Møbler/Moderne Design,2026-03-17,,Moderne Kunst/Moderne Møbler/Moderne Design,,,,
O00818,online,Onlineauktion uge 12 2026 – Smykker/Fashion/Ure,2026-03-18,,Smykker/Fashion/Ure,,,,
O00819,online,Onlineauktion uge 13 2026 – Ældre Kunst/Ældre Møbler/Varia,2026-03-23,,Ældre Kunst/Ældre Møbler/Varia,,,,
O00820,online,Onlineauktion uge 13 2026 – Moderne Kunst/Moderne Møbler/Moderne Design,2026-03-24,,Moderne Kunst/Moderne Møbler/Moderne Design,,,,
O00821,online,Onlineauktion uge 13 2026 – Smykker/Fashion/Ure,2026-03-25,,Smykker/Fashion/Ure,,,,
O00822,online,Onlineauktion uge 14 2026 – Ældre Kunst/Ældre Møbler/Varia,2026-03-30,,Ældre Kunst/Ældre Møbler/Varia,,,,
O00823,online,Onlineauktion uge 14 2026 – Moderne Kunst/Moderne Møbler/Moderne Design,2026-03-31,,Moderne Kunst/Moderne Møbler/Moderne Design,,,,
O00824,online,Onlineauktion uge 14 2026 – Smykker/Fashion/Ure,2026-04-01,,Smykker/Fashion/Ure,,,,
O00825,online,Onlineauktion uge 15 2026 – Ældre Kunst/Ældre Møbler/Varia,2026-04-06,,Ældre Kunst/Ældre Møbler/Varia,,,,
O00826,online,Onlineauktion uge 15 2026 – Moderne Kunst/Moderne Møbler/Moderne Design,2026-04-07,,Moderne Kunst/Moderne Møbler/Moderne Design,,,,
O00827,online,Onlineauktion uge 15 2026 – Smykker/Fashion/Ure,2026-04-08,,Smykker/Fashion/Ure,,,,
O00828,online,Onlineauktion uge 16 2026 – Ældre Kunst/Ældre Møbler/Varia,2026-04-13,,Ældre Kunst/Ældre Møbler/Varia,,,,
O00829,online,Onlineauktion uge 16 2026 – Moderne Kunst/Moderne Møbler/Moderne Design,2026-04-14,,Moderne Kunst/Moderne Møbler/Moderne Design,,,,
O00830,online,Onlineauktion uge 16 2026 – Smykker/Fashion/Ure,2026-04-15,,Smykker/Fashion/Ure,,,,
O00831,online,Onlineauktion uge 17 2026 – Ældre Kunst/Ældre Møbler/Varia,2026-04-20,,Ældre Kunst/Ældre Møbler/Varia,,,,
O00832,online,Onlineauktion uge 17 2026 – Moderne Kunst/Moderne Møbler/Moderne Design,2026-04-21,,Moderne Kunst/Moderne Møbler/Moderne Design,,,,
O00833,online,Onlineauktion uge 17 2026 – Smykker/Fashion/Ure,2026-04-22,,Smykker/Fashion/Ure,,,,
O00834,online,Onlineauktion uge 18 2026 – Ældre Kunst/Ældre Møbler/Varia,2026-04-27,,Ældre Kunst/Ældre Møbler/Varia,,,,
O00835,online,Onlineauktion uge 18 2026 – Moderne Kunst/Moderne Møbler/Moderne Design,2026-04-28,,Moderne Kunst/Moderne Møbler/Moderne Design,,,,
O00836,online,Onlineauktion uge 18 2026 – Smykker/Fashion/Ure,2026-04-29,,Smykker/Fashion/Ure,,,,
O00837,online,Onlineauktion uge 19 2026 – Ældre Kunst/Ældre Møbler/Varia,2026-05-04,,Ældre Kunst/Ældre Møbler/Varia,,,,
O00838,online,Onlineauktion uge 19 2026 – Moderne Kunst/Moderne Møbler/Moderne Design,2026-05-05,,Moderne Kunst/Moderne Møbler/Moderne Design,,,,
O00839,online,Onlineauktion uge 19 2026 – Smykker/Fashion/Ure,2026-05-06,,Smykker/Fashion/Ure,,,,
O00840,online,Onlineauktion uge 20 2026 – Ældre Kunst/Ældre Møbler/Varia,2026-05-11,,Ældre Kunst/Ældre Møbler/Varia,,,,
O00841,online,Onlineauktion uge 20 2026 – Moderne Kunst/Moderne Møbler/Moderne Design,2026-05-12,,Moderne Kunst/Moderne Møbler/Moderne Design,,,,
O00842,online,Onlineauktion uge 20 2026 – Smykker/Fashion/Ure,2026-05-13,,Smykker/Fashion/Ure,,,,
O00843,online,Onlineauktion uge 21 2026 – Ældre Kunst/Ældre Møbler/Varia,2026-05-18,,Ældre Kunst/Ældre Møbler/Varia,,,,
O00844,online,Onlineauktion uge 21 2026 – Moderne Kunst/Moderne Møbler/Moderne Design,2026-05-19,,Moderne Kunst/Moderne Møbler/Moderne Design,,,,
O00845,online,Onlineauktion uge 21 2026 – Smykker/Fashion/Ure,2026-05-20,,Smykker/Fashion/Ure,,,,
O00846,online,Onlineauktion uge 22 2026 – Ældre Kunst/Ældre Møbler/Varia,2026-05-25,,Ældre Kunst/Ældre Møbler/Varia,,,,
O00847,online,Onlineauktion uge 22 2026 – Moderne Kunst/Moderne Møbler/Moderne Design,2026-05-26,,Moderne Kunst/Moderne Møbler/Moderne Design,,,,
O00848,online,Onlineauktion uge 22 2026 – Smykker/Fashion/Ure,2026-05-27,,Smykker/Fashion/Ure,,,,
L00871,live,Sommersauktion 2026 – Ældre Møbler/Ældre Kunst,2026-06-01,Sommer,Ældre Møbler/Ældre Kunst,E20262,Sommer 2026,113225,200
O00849,online,Onlineauktion uge 23 2026 – Ældre Kunst/Ældre Møbler/Varia,2026-06-01,,Ældre Kunst/Ældre Møbler/Varia,,,,
L00872,live,Sommersauktion 2026 – Varia/Moderne Design,2026-06-02,Sommer,Varia/Moderne Design,E20262,Sommer 2026,86267,200
O00850,online,Onlineauktion uge 23 2026 – Moderne Kunst/Moderne Møbler/Moderne Design,2026-06-02,,Moderne Kunst/Moderne Møbler/Moderne Design,,,,
L00873,live,Sommersauktion 2026 – Moderne Møbler/Moderne Kunst,2026-06-03,Sommer,Moderne Møbler/Moderne Kunst,E20262,Sommer 2026,75483,200
O00851,online,Onlineauktion uge 23 2026 – Smykker/Fashion/Ure,2026-06-03,,Smykker/Fashion/Ure,,,,
L00874,live,Sommersauktion 2026 – Smykker/Fashion/Ure,2026-06-04,Sommer,Smykker/Fashion/Ure,E20262,Sommer 2026,157437,200
O00852,online,Onlineauktion uge 24 2026 – Ældre Kunst/Ældre Møbler/Varia,2026-06-08,,Ældre Kunst/Ældre Møbler/Varia,,,,
O00853,online,Onlineauktion uge 24 2026 – Moderne Kunst/Moderne Møbler/Moderne Design,2026-06-09,,Moderne Kunst/Moderne Møbler/Moderne Design,,,,
O00854,online,Onlineauktion uge 24 2026 – Smykker/Fashion/Ure,2026-06-10,,Smykker/Fashion/Ure,,,,
O00855,online,Onlineauktion uge 25 2026 – Ældre Kunst/Ældre Møbler/Varia,2026-06-15,,Ældre Kunst/Ældre Møbler/Varia,,,,
O00856,online,Onlineauktion uge 25 2026 – Moderne Kunst/Moderne Møbler/Moderne Design,2026-06-16,,Moderne Kunst/Moderne Møbler/Moderne Design,,,,
O00857,online,Onlineauktion uge 25 2026 – Smykker/Fashion/Ure,2026-06-17,,Smykker/Fashion/Ure,,,,
O00858,online,Onlineauktion uge 26 2026 – Ældre Kunst/Ældre Møbler/Varia,2026-06-22,,Ældre Kunst/Ældre Møbler/Varia,,,,
O00859,online,Onlineauktion uge 26 2026 – Moderne Kunst/Moderne Møbler/Moderne Design,2026-06-23,,Moderne Kunst/Moderne Møbler/Moderne Design,,,,
O00860,online,Onlineauktion uge 26 2026 – Smykker/Fashion/Ure,2026-06-24,,Smykker/Fashion/Ure,,,,
O00861,online,Onlineauktion uge 27 2026 – Ældre Kunst/Ældre Møbler/Varia,2026-06-29,,Ældre Kunst/Ældre Møbler/Varia,,,,
O00862,online,Onlineauktion uge 27 2026 – Moderne Kunst/Moderne Møbler/Moderne Design,2026-06-30,,Moderne Kunst/Moderne Møbler/Moderne Design,,,,
O00863,online,Onlineauktion uge 27 2026 – Smykker/Fashion/Ure,2026-07-01,,Smykker/Fashion/Ure,,,,
O00864,online,Onlineauktion uge 31 2026 – Ældre Kunst/Ældre Møbler/Varia,2026-07-27,,Ældre Kunst/Ældre Møbler/Varia,,,,
O00865,online,Onlineauktion uge 31 2026 – Moderne Kunst/Moderne Møbler/Moderne Design,2026-07-28,,Moderne Kunst/Moderne Møbler/Moderne Design,,,,
O00866,online,Onlineauktion uge 31 2026 – Smykker/Fashion/Ure,2026-07-29,,Smykker/Fashion/Ure,,,,
